row_id	path	bytes	lines	sha256	git_state	worktree_state	type	runtime_package_reachability	capability	disposition	ownership	evidence_id	next_action
F001	.gitignore	2997	180	A1CA0C96EA97058CD32DA9C5479F970BFD972BEEB19895F4C0EDDEDE03E26A8C	tracked	clean	gitignore	not-runtime|package-guard	INTERNAL_ONLY	REUSE_WITH_FIXES	INTERNAL_TOOLING	P2-PATH	extend-positive-allowlist-and-secret-runtime-guards
F002	api/src/config.ts	1183	37	CE601DF711E050B3459C8173CC014BC0BEF102B74C43D0C701282C33D1288DB6	tracked	clean	ts	active-node-runtime|must-not-package	REQUIRED	PORT	BASELINE_SHARED	P2-PATH	port-with-recorded-defect-fixes-and-golden-tests
F003	api/src/container.ts	689	31	8B7CB9430134E8A1A409FC5526F2F59CA096D890FEEB95A01524A3B922D807BB	tracked	clean	ts	active-node-runtime|must-not-package	REQUIRED	PORT	BASELINE_SHARED	P2-PATH	port-with-recorded-defect-fixes-and-golden-tests
F004	api/src/plugins/requestLogging.ts	910	24	6D9BA22407828923F9311245DEFA24471BC0423F712A0773FB14890CB0B2D427	tracked	clean	ts	active-node-runtime|must-not-package	REQUIRED	PORT	BASELINE_SHARED	P2-PATH	port-with-recorded-defect-fixes-and-golden-tests
F005	api/src/queries/course_search.ts	25161	795	4EC41D340DA1696DE5EED7D39CACE52B86FE8770E345AD0EA34EEC0247289A1F	tracked	clean	ts	active-node-runtime|must-not-package	REQUIRED	PORT	BASELINE_SHARED	P2-PATH	port-with-recorded-defect-fixes-and-golden-tests
F006	api/src/queries/filters.ts	10733	316	7EF016EDECF515C8BA4C329DAC02588DC604D23EDA7960E8398E438517C66CA0	tracked	clean	ts	active-node-runtime|must-not-package	REQUIRED	PORT	BASELINE_SHARED	P2-PATH	port-with-recorded-defect-fixes-and-golden-tests
F007	api/src/routes/admin.ts	8601	247	A9ABBC875D7AE234702C964D29FB3CCD8478B84AE6D348ECEA7405B52511A26D	tracked	clean	ts	registered-mail-runtime|must-not-package	EXCLUDED	REMOVE	HISTORICAL_EVIDENCE	P2-PATH	remove-mail-admin-route-tests-and-config-surface
F008	api/src/routes/courses.ts	4939	150	7F7D93A4CDF055214D55D0F2FE2F48E5992E36F59E1AB4060C525678684A39D9	tracked	clean	ts	active-node-runtime|must-not-package	REQUIRED	PORT	BASELINE_SHARED	P2-PATH	port-with-recorded-defect-fixes-and-golden-tests
F009	api/src/routes/fetch.ts	5501	218	150C1B563A3FAFAA5F2A3674247768D0E7F62D313D1D4BD31BEB23FE37FF320E	tracked	clean	ts	registered-local-admin-runtime|must-not-package	REQUIRED	PORT	LOCAL_ONLY	P2-PATH	replace-destructive-manual-job-with-safe-catalog-refresh-control
F010	api/src/routes/filters.ts	546	19	C3686B0AD0A86DEACEF2D53EB339A795ECB04069B630A904F7AF64B9F0A55288	tracked	clean	ts	active-node-runtime|must-not-package	REQUIRED	PORT	BASELINE_SHARED	P2-PATH	port-with-recorded-defect-fixes-and-golden-tests
F011	api/src/routes/health.ts	2961	102	C040D22003ACBC881ABCFA1A8AE31D8AE394AAF149E7DDE18735DB5DEB984AD3	tracked	clean	ts	active-node-runtime|must-not-package	REQUIRED	PORT	BASELINE_SHARED	P2-PATH	port-with-recorded-defect-fixes-and-golden-tests
F012	api/src/routes/notifications.local.ts	7120	250	E303D8C02F4D7AAD40F6918FD7757A05C2BFC08EA1E0209E0FBD6E63CAC5E194	tracked	clean	ts	registered-legacy-watch-runtime|must-not-package	MIXED_SEE_02	SPLIT	BASELINE_SHARED	P2-PATH	extract-section-contract-and-rewrite-as-live-websocket-watch
F013	api/src/routes/sections.ts	4617	144	AF356D9BA9DD01CA38A975139842BC6EAF1263FDE8E9087F19F0F9DFD77FDAC5	tracked	clean	ts	registered-stub-runtime|must-not-package	REQUIRED	REWRITE	BASELINE_SHARED	P2-PATH	replace-stub-with-shared-section-search-and-detail-contract
F014	api/src/routes/sharedSchemas.ts	1627	58	640FF1CDAECCF8AE5869925AE21B61F46DAD9F942A86367624240A00C2086EE4	tracked	clean	ts	active-node-runtime|must-not-package	REQUIRED	PORT	BASELINE_SHARED	P2-PATH	port-with-recorded-defect-fixes-and-golden-tests
F015	api/src/routes/subscriptions.ts	19974	695	60F30B0E11CA3748D462512EC07E91E89EB99CD742DC8787372EEA0B2EE77395	tracked	clean	ts	registered-legacy-watch-runtime|must-not-package	MIXED_SEE_02	SPLIT	BASELINE_SHARED	P2-PATH	extract-section-contract-and-rewrite-as-live-websocket-watch
F016	api/src/server.ts	3892	114	865EA4A050E0F7F0347C93272ADD9F619CC171010AFC685ED2C0323B5C1FF420	tracked	clean	ts	direct-server-entry|must-not-package	MIXED_SEE_02	SPLIT	BASELINE_SHARED	P2-PATH	port-lifecycle-errors-and-required-routes-remove-mail-add-static-ui-and-websocket
F017	api/src/services/fetchRunner.ts	9050	268	42C0D9875832F74D8029E79F884DAB673292C9E2E71FE1503D360D0FF279FA6D	tracked	clean	ts	active-node-runtime|must-not-package	REQUIRED	PORT	BASELINE_SHARED	P2-PATH	port-with-recorded-defect-fixes-and-golden-tests
F018	api/src/types/fastify.d.ts	153	7	80C1B14D0C072E3C1D9E242E898EAD5C8B04DA19D8107BC66CA5EB890F8C3F1C	tracked	clean	ts	not-runtime|must-not-package	INTERNAL_ONLY	REMOVE	INTERNAL_TOOLING	P2-PATH	remove-after-rust-backend-replaces-fastify-container-typing
F019	api/tests/admin_mail_config.test.ts	7004	177	D5C93388C6AE01687C4AEA849600F736DCC69519AD2892F6B66C66FFE7A869EB	tracked	clean	ts	registered-mail-runtime|must-not-package	EXCLUDED	REMOVE	HISTORICAL_EVIDENCE	P2-PATH	remove-mail-admin-route-tests-and-config-surface
F020	api/tests/course_search.test.ts	12775	451	70A8048473735F15A8BAA30A3D062DFD16801452BF3E5FF5CD8345B32EDAFED1	tracked	clean	ts	active-node-runtime|must-not-package	REQUIRED	PORT	BASELINE_SHARED	P2-PATH	port-with-recorded-defect-fixes-and-golden-tests
F021	api/tests/health.test.ts	3771	108	FB8FB6EB2A280270C09150110B9A8845A80B70C743B884963D5E51A733727F4D	tracked	clean	ts	active-node-runtime|must-not-package	REQUIRED	PORT	BASELINE_SHARED	P2-PATH	port-with-recorded-defect-fixes-and-golden-tests
F022	api/tests/notifications.local.test.ts	11300	369	2A32C566B6CBE623FD9A172A0F171F77C5B1B60068DF5E379664CAEABB924352	tracked	clean	ts	registered-legacy-watch-runtime|must-not-package	MIXED_SEE_02	SPLIT	BASELINE_SHARED	P2-PATH	extract-section-contract-and-rewrite-as-live-websocket-watch
F023	api/tests/subscriptions.test.ts	15846	526	43A3046EDD471DA0F016812C3D3336A5AFF6AE025A984D980AEE81D414391DFD	tracked	clean	ts	registered-legacy-watch-runtime|must-not-package	MIXED_SEE_02	SPLIT	BASELINE_SHARED	P2-PATH	extract-section-contract-and-rewrite-as-live-websocket-watch
F024	configs/fetch_pipeline.example.json	2278	105	5A2D8B992C724F6C9B22E8F7BD2FEB1B287A168CA1B4610FF46F08FC357058FB	tracked	clean	json	legacy-ingest-config|must-not-package	MIXED_SEE_02	SPLIT	BASELINE_SHARED	P2-PATH	port-only-proven-settings-remove-fake-switches-set-local-10m-default
F025	configs/fetch_pipeline.schema.json	5316	168	66BD4B948EF8415323F12C4F082E81AA58AF3A6C17B179D91A859F600784631E	tracked	clean	json	legacy-ingest-config|must-not-package	MIXED_SEE_02	SPLIT	BASELINE_SHARED	P2-PATH	port-only-proven-settings-remove-fake-switches-set-local-10m-default
F026	configs/mail_sender.example.json	2467	103	477EC89B7D9C3956A41737BCD59F3FAB1AED93EDF21FC2749766690BBE5F5BCF	tracked	clean	json	mail-config-or-asset|must-not-package	EXCLUDED	REMOVE	HISTORICAL_EVIDENCE	P2-PATH	remove-from-current-product-repository-surface-and-all-packages
F027	configs/templates/email/open-seat/en-US.html	278	4	4C1957ED96993F65FB0A0D6E3F808D375E79384D0AE3D85A3C1693783339BDDF	tracked	clean	html	mail-config-or-asset|must-not-package	EXCLUDED	REMOVE	HISTORICAL_EVIDENCE	P2-PATH	remove-from-current-product-repository-surface-and-all-packages
F028	configs/templates/email/open-seat/en-US.txt	122	3	CD7884868A3437CDCDD5A7533A19A0A56FC37C05D10BA7EDE9206B2A0940A418	tracked	clean	txt	mail-config-or-asset|must-not-package	EXCLUDED	REMOVE	HISTORICAL_EVIDENCE	P2-PATH	remove-from-current-product-repository-surface-and-all-packages
F029	configs/templates/email/open-seat/zh-CN.html	67	1	9E83CF018DEDE3561ABDBEF59762777A9F32F3B4D3DF3BF6D06C66A3250A06CD	tracked	clean	html	mail-config-or-asset|must-not-package	EXCLUDED	REMOVE	HISTORICAL_EVIDENCE	P2-PATH	remove-from-current-product-repository-surface-and-all-packages
F030	configs/templates/email/open-seat/zh-CN.txt	60	1	A3B47B7CA88BAF72F9BA40585CD62DF6576C878A581CF0FA57CF0464DB354EE4	tracked	clean	txt	mail-config-or-asset|must-not-package	EXCLUDED	REMOVE	HISTORICAL_EVIDENCE	P2-PATH	remove-from-current-product-repository-surface-and-all-packages
F031	configs/templates/email/verification/en-US.html	200	4	03A264A634FC1A6EE2FF864563D7506439DD395A66EB184C3DADE0786588B6A7	tracked	clean	html	mail-config-or-asset|must-not-package	EXCLUDED	REMOVE	HISTORICAL_EVIDENCE	P2-PATH	remove-from-current-product-repository-surface-and-all-packages
F032	configs/templates/email/verification/en-US.txt	141	4	A29FFBEB08BE1B0E3A4437C83496D565865E2EC80869B0F63D8A200FE603956A	tracked	clean	txt	mail-config-or-asset|must-not-package	EXCLUDED	REMOVE	HISTORICAL_EVIDENCE	P2-PATH	remove-from-current-product-repository-surface-and-all-packages
F033	configs/templates/email/verification/zh-CN.html	202	4	568F0E24BE6B873E45F7541E330E808FEB9F7DFF69964590B8C44A57D82AD8ED	tracked	clean	html	mail-config-or-asset|must-not-package	EXCLUDED	REMOVE	HISTORICAL_EVIDENCE	P2-PATH	remove-from-current-product-repository-surface-and-all-packages
F034	configs/templates/email/verification/zh-CN.txt	162	4	57FF87E29E80A1F88080A121D23C1DDD984FCDB9B29FB81DB779522DDB94D56F	tracked	clean	txt	mail-config-or-asset|must-not-package	EXCLUDED	REMOVE	HISTORICAL_EVIDENCE	P2-PATH	remove-from-current-product-repository-surface-and-all-packages
F035	data/migrations/001_init_schema.sql	8704	277	9D834DD799FB3B9D71C8D18A77D5C8239EE10D6B217EB684B60DF103CE889EF4	tracked	clean	sql	database-schema|must-not-package	MIXED_SEE_02	SPLIT	BASELINE_SHARED	P2-PATH	port-course-section-status-data-remove-persistent-personal-watch-and-mail-fanout
F036	data/migrations/002_relax_section_index_scope.sql	3245	129	42DDA94BA4C5BFD34CEF8182B3B354ED66B1D0DB937BB1672A4A78663A81A287	tracked	clean	sql	database-migration|must-not-package	REQUIRED	PORT	BASELINE_SHARED	P2-PATH	port-as-migration-evidence-with-safe-composite-section-key
F037	data/migrations/003_open_events.sql	1904	48	9BC4A9818C3174928750A861BD90AB766BBA8FEC36C4464AC32CB391772918CC	tracked	clean	sql	database-schema|must-not-package	MIXED_SEE_02	SPLIT	BASELINE_SHARED	P2-PATH	port-course-section-status-data-remove-persistent-personal-watch-and-mail-fanout
F038	data/migrations/004_course_campus_locations.sql	1450	29	67AC4042A084E39EC94E3969AA2A75C062EE0E51698C2B8A15186D3EAE019A7D	tracked	clean	sql	database-migration|must-not-package	REQUIRED	PORT	BASELINE_SHARED	P2-PATH	port-as-migration-evidence-with-safe-composite-section-key
F039	data/schema.sql	11124	343	D9204D58FF006EB11BAF4E50BA32663456B37A155E9E2BA542C4173495ECAA00	tracked	clean	sql	database-schema|must-not-package	MIXED_SEE_02	SPLIT	BASELINE_SHARED	P2-PATH	port-course-section-status-data-remove-persistent-personal-watch-and-mail-fanout
F040	docs/data_load_runbook.md	6619	73	EF42C8F6324926D7F97FC992CD2AA315B43EF0832CFCC970B1371B9D8CF6E565	tracked	clean	md	not-runtime|must-not-package	REQUIRED	REWRITE	BASELINE_SHARED	P2-PATH	replace-drift-with-approved-contract-and-rust-data-lifecycle
F041	docs/data_refresh_strategy.md	8648	86	25DA9C273DEAFB0F3E37F8D2C90D64618FD02F40ED23810B7CD9965B8B9C2698	tracked	clean	md	not-runtime|must-not-package	REQUIRED	REWRITE	BASELINE_SHARED	P2-PATH	replace-drift-with-approved-contract-and-rust-data-lifecycle
F042	docs/deployment_playbook.md	7646	143	7CEE85256A2C91E1894D48046FBE0EE43403111DE6289D40A28B847C3297A87B	tracked	clean	md	not-runtime|must-not-package	MIXED_SEE_02	SPLIT	PUBLIC_DELTA	P2-PATH	carry-linux-production-lessons-to-p4-remove-from-local-user-package
F043	docs/fetch_pipeline.md	10521	97	2A22C8AA819B32C0DF4AF4D0F716C866BA24053310AFCFCEAFD5C5F96D370434	tracked	clean	md	not-runtime|must-not-package	REQUIRED	REWRITE	BASELINE_SHARED	P2-PATH	replace-drift-with-approved-contract-and-rust-data-lifecycle
F044	docs/i18n_key_map.md	22386	246	B8559822AC62592463BCFE99B38B3DB02D76D7244C4FEAFD21741382FB9656AE	tracked	clean	md	not-runtime|must-not-package	REQUIRED	REWRITE	BASELINE_SHARED	P2-PATH	replace-drift-with-approved-contract-and-rust-data-lifecycle
F045	docs/local_data_model.md	23178	356	9C3E67015679564DC379A69840F9D4B1EFC5A3E4D0E7E98BD74B88DB1A27A058	tracked	clean	md	not-runtime|must-not-package	REQUIRED	REWRITE	BASELINE_SHARED	P2-PATH	replace-drift-with-approved-contract-and-rust-data-lifecycle
F046	docs/mail_sender_contract.md	8382	114	E6E7AF65BF9B6CA069D3C20292E5C5E93D2BA8C3C18BCD8E0D86B0891C13CF1D	tracked	clean	md	not-runtime|must-not-package	EXCLUDED	REMOVE	HISTORICAL_EVIDENCE	P2-PATH	remove-from-current-docs-and-all-packages
F047	docs/mail_sender_usage.md	3280	45	9560D6C62732372825F66F0CA390BF555150A7C5F5AD7E6898788D32D4A60A10	tracked	clean	md	not-runtime|must-not-package	EXCLUDED	REMOVE	HISTORICAL_EVIDENCE	P2-PATH	remove-from-current-docs-and-all-packages
F048	docs/mail_worker_contract.md	9896	167	7C0DB1EF6CFF66538205DF22D1D90AA2943DCCA19D9DB6E2EB05D463C07895C0	tracked	clean	md	not-runtime|must-not-package	EXCLUDED	REMOVE	HISTORICAL_EVIDENCE	P2-PATH	remove-from-current-docs-and-all-packages
F049	docs/notify_runbook.md	6670	58	8AE926E586A8485F335D7924747C81523186B9362BAB17BB7BEEA288746E2D2E	tracked	clean	md	not-runtime|must-not-package	MIXED_SEE_02	SPLIT	BASELINE_SHARED	P2-PATH	rewrite-live-watch-every-open-toast-max-and-sound-contract-remove-mail-persistence
F050	docs/oneclick.md	2044	24	0407DF46AA461C4BDB20373144202E2042C22039FF706A998BA6720633A59B54	tracked	clean	md	not-runtime|local-doc	REQUIRED	REWRITE	LOCAL_ONLY	P2-PATH	rewrite-for-clean-windows-no-node-bcsp-local-exe
F051	docs/open_event_spec.md	6923	61	B0476ADCC3F8724B2CC7834CB898E0826CBF07E015F2DAC594D005774E77247D	tracked	clean	md	not-runtime|must-not-package	MIXED_SEE_02	SPLIT	BASELINE_SHARED	P2-PATH	rewrite-live-watch-every-open-toast-max-and-sound-contract-remove-mail-persistence
F052	docs/query_api_contract.md	15420	267	2EBC2E0794B7BD5707C48D5E7B683C958B31D7BEE752867D0171D94C8CAFCF44	tracked	clean	md	not-runtime|must-not-package	REQUIRED	REWRITE	BASELINE_SHARED	P2-PATH	replace-drift-with-approved-contract-and-rust-data-lifecycle
F053	docs/quickstart.md	3285	47	71AF02AF0A45BDC29713F699021FA492B52C96506733B114269D4954F0756144	tracked	clean	md	not-runtime|local-doc	REQUIRED	REWRITE	LOCAL_ONLY	P2-PATH	rewrite-for-clean-windows-no-node-bcsp-local-exe
F054	docs/soc_api_notes.md	8737	104	4F525F536DE62A58222060E8293E004CB2F308F8CCB7BA249BA3E1DA4E9B1BAC	tracked	clean	md	not-runtime|must-not-package	INTERNAL_ONLY	OUT_OF_SCOPE	HISTORICAL_EVIDENCE	P2-PATH	retain-as-evidence-only
F055	docs/soc_field_matrix.csv	9781	79	E4CBFB2B1E5F5CF9FCF66C37D311556863DEC86001742193091A4A378DB38D35	tracked	clean	csv	not-runtime|must-not-package	INTERNAL_ONLY	REUSE_WITH_FIXES	HISTORICAL_EVIDENCE	P2-PATH	retain-as-old-measurement-evidence-revalidate-before-runtime-policy
F056	docs/soc_rate_limit.courses_stress.json	1276	61	B62D9C6F254EAF1E7A04BF24486AE1DE05250C39769062160FC337ACF89DC7FB	tracked	clean	json	not-runtime|must-not-package	INTERNAL_ONLY	REUSE_WITH_FIXES	HISTORICAL_EVIDENCE	P2-PATH	retain-as-old-measurement-evidence-revalidate-before-runtime-policy
F057	docs/soc_rate_limit.courses_stress2.json	1266	61	6AB196A155FC63466448298B5C27F3DBCE568D9AB2507104C4441FD78D60AC27	tracked	clean	json	not-runtime|must-not-package	INTERNAL_ONLY	REUSE_WITH_FIXES	HISTORICAL_EVIDENCE	P2-PATH	retain-as-old-measurement-evidence-revalidate-before-runtime-policy
F058	docs/soc_rate_limit.latest.json	3244	145	233DFE54638F31FCD11C3B96F2AF44AB1BE01996962644910B5CB53EDE2AB9A8	tracked	clean	json	not-runtime|must-not-package	INTERNAL_ONLY	REUSE_WITH_FIXES	HISTORICAL_EVIDENCE	P2-PATH	retain-as-old-measurement-evidence-revalidate-before-runtime-policy
F059	docs/soc_rate_limit.md	6636	61	F2BD756012E517A8B4796C80BCC43A2AD8F4D877A487EC8E07C4E42052DADAC0	tracked	clean	md	not-runtime|must-not-package	INTERNAL_ONLY	REUSE_WITH_FIXES	HISTORICAL_EVIDENCE	P2-PATH	retain-as-old-measurement-evidence-revalidate-before-runtime-policy
F060	docs/soc_rate_limit.openSections_blitz.json	774	37	748A8FC24683D85E855F7B31B00BE05410771E0CCBD8D96F78DCF7E71BED0003	tracked	clean	json	not-runtime|must-not-package	INTERNAL_ONLY	REUSE_WITH_FIXES	HISTORICAL_EVIDENCE	P2-PATH	retain-as-old-measurement-evidence-revalidate-before-runtime-policy
F061	docs/subscription_model.md	13233	223	958DE1EEFD3D139A71D61CAAA3C6E28B1D5BA6E815F61AAAB4107C3F18455E50	tracked	clean	md	not-runtime|must-not-package	MIXED_SEE_02	SPLIT	BASELINE_SHARED	P2-PATH	rewrite-live-watch-every-open-toast-max-and-sound-contract-remove-mail-persistence
F062	docs/ui_flow_course_list.md	10208	135	9DF2C9880F46EBAF79F92A7B1E0D365AD60A8382A1F0C07546926745211A0EF5	tracked	clean	md	not-runtime|must-not-package	MIXED_SEE_02	SPLIT	BASELINE_SHARED	P2-PATH	rewrite-course-section-flow-extract-local-saved-views-remove-current-calendar-compact-share-claims
F063	frontend/i18n/messages.json	28169	888	18807A5055F4D40F59209A96596095FAD7FC5E2E44013B664E606FBBA14DDE13	tracked	clean	json	frontend-runtime-or-build|compiled-static-ui	MIXED_SEE_02	SPLIT	BASELINE_SHARED	P2-PATH	retain-required-ui-contract-remove-mail-future-and-dead-semantics
F064	frontend/index.html	384	13	19DC225C67AB522809EDCBB3E786EE736BEFB1670ABCD43C817923F5EB4957F3	tracked	clean	html	frontend-runtime-or-build|compiled-static-ui	REQUIRED	REUSE_WITH_FIXES	BASELINE_SHARED	P2-PATH	reuse-only-after-contract-accessibility-state-and-residue-fixes
F065	frontend/package.json	633	26	C49945760561F0A3E81A98849E98EFC43A459260479BCDF8CD70D4759D90EC18	tracked	clean	json	frontend-runtime-or-build|compiled-static-ui	MIXED_SEE_02	SPLIT	BASELINE_SHARED	P2-PATH	retain-required-ui-contract-remove-mail-future-and-dead-semantics
F066	frontend/package-lock.json	63134	1820	167455D0EAEB68C7AFEF43EC084212E69BDA2E69B1457543015CA7594AFB164E	tracked	clean	json	frontend-runtime-or-build|compiled-static-ui	MIXED_SEE_02	SPLIT	BASELINE_SHARED	P2-PATH	retain-required-ui-contract-remove-mail-future-and-dead-semantics
F067	frontend/README.md	1071	18	596D29942B16475DE42298D4E05E9CDEB7CE244CE41483BF124E655674BB73C3	tracked	clean	md	frontend-runtime-or-build|compiled-static-ui	REQUIRED	REUSE_WITH_FIXES	BASELINE_SHARED	P2-PATH	reuse-only-after-contract-accessibility-state-and-residue-fixes
F068	frontend/src/api/admin.ts	418	8	437A3970F0D881894A108E157B3505067D18AFD2A4A3FB08F11B566771CE3536	tracked	clean	ts	reachable-mail-ui|must-not-package	EXCLUDED	REMOVE	HISTORICAL_EVIDENCE	P2-PATH	remove-and-prove-zero-bundle-route-style-i18n-residue
F069	frontend/src/api/client.ts	3650	138	3C7EAF1ABB412A111730403092F9A6F0FB35DAF460EEA76F24F8AC8BF281FE30	tracked	clean	ts	frontend-runtime-or-build|compiled-static-ui	REQUIRED	REUSE_WITH_FIXES	BASELINE_SHARED	P2-PATH	reuse-only-after-contract-accessibility-state-and-residue-fixes
F070	frontend/src/api/fetchJobs.ts	524	19	FB9396909BB10254E617B43850AC8C0BE1A7F873C62CD0A3B14077E50F5A458F	tracked	clean	ts	reachable-local-data-admin-ui|compiled-static-ui	REQUIRED	REWRITE	LOCAL_ONLY	P2-PATH	replace-crawler-log-surface-with-safe-freshness-refresh-settings
F071	frontend/src/api/filters.ts	4174	143	FD462F1AE5FF60A5BC6D89FBAD616AD29DF8BD4BD49A71800B08B7856683754D	tracked	clean	ts	frontend-runtime-or-build|compiled-static-ui	REQUIRED	REUSE_WITH_FIXES	BASELINE_SHARED	P2-PATH	reuse-only-after-contract-accessibility-state-and-residue-fixes
F072	frontend/src/api/notifications.ts	399	10	8746F35518248F2495E9FD4B97A74DADCA120F5DBA658EEFC1B27EB7C9BC511E	tracked	clean	ts	legacy-watch-ui-or-orphan|compiled-static-ui	MIXED_SEE_02	SPLIT	BASELINE_SHARED	P2-PATH	extract-ui-audio-toast-value-rewrite-protocol-remove-email-and-persistent-active
F073	frontend/src/api/subscriptions.ts	683	17	5383F840727068E9DF2729D0EDACEB832B97DD20725992F3A55AF0E750B27956	tracked	clean	ts	legacy-watch-ui-or-orphan|compiled-static-ui	MIXED_SEE_02	SPLIT	BASELINE_SHARED	P2-PATH	extract-ui-audio-toast-value-rewrite-protocol-remove-email-and-persistent-active
F074	frontend/src/api/types.ts	6890	290	4DCBE5076464E00BC7FBCBDEFC42FCB957C79587FE2EA2BC947FAC9FF0237373	tracked	clean	ts	frontend-runtime-or-build|compiled-static-ui	MIXED_SEE_02	SPLIT	BASELINE_SHARED	P2-PATH	retain-required-ui-contract-remove-mail-future-and-dead-semantics
F075	frontend/src/App.css	1836	103	C4EE2EA22D876B439F5424C5C92FD226CE62B84D5384B000E67716384CACB7B3	tracked	clean	css	frontend-runtime-or-build|compiled-static-ui	REQUIRED	REUSE_WITH_FIXES	BASELINE_SHARED	P2-PATH	reuse-only-after-contract-accessibility-state-and-residue-fixes
F076	frontend/src/App.tsx	5017	128	C7A691E113FDDBE623FE1CAC266FEFBFDF1DFB624E243C1D5A0A0BACE1F890A7	tracked	clean	tsx	frontend-runtime-or-build|compiled-static-ui	MIXED_SEE_02	SPLIT	BASELINE_SHARED	P2-PATH	retain-required-ui-contract-remove-mail-future-and-dead-semantics
F077	frontend/src/components/CourseList.css	4856	269	E706180980AB017D4125BF08B551600B7A025419DC21EF56441DEEDA0AF96F7D	tracked	clean	css	frontend-runtime-or-build|compiled-static-ui	REQUIRED	REUSE_WITH_FIXES	BASELINE_SHARED	P2-PATH	reuse-only-after-contract-accessibility-state-and-residue-fixes
F078	frontend/src/components/CourseList.tsx	7079	219	525569DF3C7CB22996DB89FCBA7386D845B6ED87C31FFA5527AD5277F7B48B16	tracked	clean	tsx	frontend-runtime-or-build|compiled-static-ui	REQUIRED	REUSE_WITH_FIXES	BASELINE_SHARED	P2-PATH	reuse-only-after-contract-accessibility-state-and-residue-fixes
F079	frontend/src/components/DataFetchCard.css	2715	144	D356E889AD191584636BADA0C5FA7A927ED995BC232DF7E75300C8A271C5C87D	tracked	clean	css	reachable-local-data-admin-ui|compiled-static-ui	REQUIRED	REWRITE	LOCAL_ONLY	P2-PATH	replace-crawler-log-surface-with-safe-freshness-refresh-settings
F080	frontend/src/components/DataFetchCard.tsx	9143	241	2FDE3211C625C842F594B48DA98C98080686855BD0D227F4D579F2CB8C0A62A1	tracked	clean	tsx	reachable-local-data-admin-ui|compiled-static-ui	REQUIRED	REWRITE	LOCAL_ONLY	P2-PATH	replace-crawler-log-surface-with-safe-freshness-refresh-settings
F081	frontend/src/components/FilterPanel.css	4075	216	DEA21BDC2064B7C14D0C5C1BD822E270994C4C80632BF2105862065996844281	tracked	clean	css	frontend-runtime-or-build|compiled-static-ui	REQUIRED	REUSE_WITH_FIXES	BASELINE_SHARED	P2-PATH	reuse-only-after-contract-accessibility-state-and-residue-fixes
F082	frontend/src/components/FilterPanel.tsx	26298	784	CD4C311AC3CA13E895368AC4D405FBB22E351B8C34C9E381FE4135DBF576A1E8	tracked	clean	tsx	frontend-runtime-or-build|compiled-static-ui	REQUIRED	REUSE_WITH_FIXES	BASELINE_SHARED	P2-PATH	reuse-only-after-contract-accessibility-state-and-residue-fixes
F083	frontend/src/components/LanguageSwitcher.css	1288	60	463792F778BBA057C329B6AD6B13546E2892B7F7B3F15B6C71F0CB73E3A2AB64	tracked	clean	css	frontend-runtime-or-build|compiled-static-ui	REQUIRED	REUSE_WITH_FIXES	BASELINE_SHARED	P2-PATH	reuse-only-after-contract-accessibility-state-and-residue-fixes
F084	frontend/src/components/LanguageSwitcher.tsx	2556	81	A214E63664457220DE4F0C74F49FDACC015A8C037AB8D01873418F853691E35B	tracked	clean	tsx	frontend-runtime-or-build|compiled-static-ui	REQUIRED	REUSE_WITH_FIXES	BASELINE_SHARED	P2-PATH	reuse-only-after-contract-accessibility-state-and-residue-fixes
F085	frontend/src/components/LocalSoundToggle.css	2920	151	99E9F907157888B56B5BD7136769BEAEE5CBBB5D832E164C4EDE43BDA76B0E16	tracked	clean	css	legacy-watch-ui-or-orphan|compiled-static-ui	MIXED_SEE_02	SPLIT	BASELINE_SHARED	P2-PATH	extract-ui-audio-toast-value-rewrite-protocol-remove-email-and-persistent-active
F086	frontend/src/components/LocalSoundToggle.tsx	4672	120	28F32DD2A5A153F615E49A33B9064053CAE8E3B9A8A6E1D7F6337EE91876490B	tracked	clean	tsx	legacy-watch-ui-or-orphan|compiled-static-ui	MIXED_SEE_02	SPLIT	BASELINE_SHARED	P2-PATH	extract-ui-audio-toast-value-rewrite-protocol-remove-email-and-persistent-active
F087	frontend/src/components/MailSettingsPanel.css	5137	274	F6C37C60D8391821688B8C09967D87BA855A37E6EED1AF39473C11FF3ACFB14C	tracked	clean	css	reachable-mail-ui|must-not-package	EXCLUDED	REMOVE	HISTORICAL_EVIDENCE	P2-PATH	remove-and-prove-zero-bundle-route-style-i18n-residue
F088	frontend/src/components/MailSettingsPanel.tsx	15043	433	98B93550E47D6365EF84CBAF8387736F13778B9A4EB15686504733DDDF3E06E4	tracked	clean	tsx	reachable-mail-ui|must-not-package	EXCLUDED	REMOVE	HISTORICAL_EVIDENCE	P2-PATH	remove-and-prove-zero-bundle-route-style-i18n-residue
F089	frontend/src/components/SchedulePreview.css	2823	147	8C56B9E0A12817F355A9E1EDC777086E1EC4CD1292A5000438690C149FEE5CE3	tracked	clean	css	orphan-future-component|must-not-package	FUTURE	DEFER	FUTURE	P2-PATH	move-out-of-current-product-source-and-prove-artifact-absence
F090	frontend/src/components/SchedulePreview.tsx	7620	225	419FEE3419B293AFA5597E940187F3762C5D09F341BD7767FAC6CA3DCE2955FF	tracked	clean	tsx	orphan-future-component|must-not-package	FUTURE	DEFER	FUTURE	P2-PATH	move-out-of-current-product-source-and-prove-artifact-absence
F091	frontend/src/components/SubscribeButton.css	4442	230	99462CC0FE441DE51188F0DEE06C03009592A4A4717011A22AC2DA1052AD7D74	tracked	clean	css	legacy-watch-ui-or-orphan|compiled-static-ui	MIXED_SEE_02	SPLIT	BASELINE_SHARED	P2-PATH	extract-ui-audio-toast-value-rewrite-protocol-remove-email-and-persistent-active
F092	frontend/src/components/SubscribeButton.tsx	13126	366	BFB2AF17B1A37A1600FB17E9157A3E576CC4FC6B6851FD33C8E712C43937FF31	tracked	clean	tsx	legacy-watch-ui-or-orphan|compiled-static-ui	MIXED_SEE_02	SPLIT	BASELINE_SHARED	P2-PATH	extract-ui-audio-toast-value-rewrite-protocol-remove-email-and-persistent-active
F093	frontend/src/components/SubscriptionCenter.css	2957	152	051482DEE20CCA65E0F7F9A6D3B0C35D03CE119534B51E2C14C69FC85FB0ECAF	tracked	clean	css	legacy-watch-ui-or-orphan|compiled-static-ui	MIXED_SEE_02	SPLIT	BASELINE_SHARED	P2-PATH	extract-ui-audio-toast-value-rewrite-protocol-remove-email-and-persistent-active
F094	frontend/src/components/SubscriptionCenter.tsx	8371	235	99BF586330CCB291068AE8BFF6079A0484D23F10CEC8BA32541905E614A7A495	tracked	clean	tsx	legacy-watch-ui-or-orphan|compiled-static-ui	MIXED_SEE_02	SPLIT	BASELINE_SHARED	P2-PATH	extract-ui-audio-toast-value-rewrite-protocol-remove-email-and-persistent-active
F095	frontend/src/components/SubscriptionManager.css	4198	207	E50BA964D42192BDFE5110450269CCAE279B8B7484A0D0C52A687468191DF886	tracked	clean	css	legacy-watch-ui-or-orphan|compiled-static-ui	MIXED_SEE_02	SPLIT	BASELINE_SHARED	P2-PATH	extract-ui-audio-toast-value-rewrite-protocol-remove-email-and-persistent-active
F096	frontend/src/components/SubscriptionManager.tsx	5987	160	03812471BCF31389C507332189C0F18DAD278D84D4C049E96EAF41657B9A765E	tracked	clean	tsx	legacy-watch-ui-or-orphan|compiled-static-ui	MIXED_SEE_02	SPLIT	BASELINE_SHARED	P2-PATH	extract-ui-audio-toast-value-rewrite-protocol-remove-email-and-persistent-active
F097	frontend/src/components/TagChip.css	1780	94	CAA8FB5DA60B3402C8602BA09880D1CB911DA0DEAB6E6605ACB6CD598B87AF3A	tracked	clean	css	frontend-runtime-or-build|compiled-static-ui	REQUIRED	REUSE_WITH_FIXES	BASELINE_SHARED	P2-PATH	reuse-only-after-contract-accessibility-state-and-residue-fixes
F098	frontend/src/components/TagChip.tsx	1685	66	1F61E7ACA7B789AB23C20A927959F3B80F0E7BDDAE42CA17B17D9BEA68A8DB4A	tracked	clean	tsx	frontend-runtime-or-build|compiled-static-ui	REQUIRED	REUSE_WITH_FIXES	BASELINE_SHARED	P2-PATH	reuse-only-after-contract-accessibility-state-and-residue-fixes
F099	frontend/src/data/fallbackDictionary.ts	3117	79	1A0F92B502B99FB2CACDD4C3AF3C14737711AC7933935261771B5B99650F287F	tracked	clean	ts	frontend-runtime-or-build|compiled-static-ui	REQUIRED	REUSE_WITH_FIXES	BASELINE_SHARED	P2-PATH	reuse-only-after-contract-accessibility-state-and-residue-fixes
F100	frontend/src/dev/ComponentPlayground.tsx	2281	60	75BBED2D714289B1118AEA33342C5DB77D6A9444F1E87EB6B2B5C74E0B2BCC63	tracked	clean	tsx	orphan-dev-only|must-not-package	INTERNAL_ONLY	SPLIT	INTERNAL_TOOLING	P2-PATH	extract-valid-fixtures-remove-future-calendar-fallback-from-current-build
F101	frontend/src/dev/mockData.ts	1766	59	C07367F102995BE108AF8011D0922CE41F8CDC44849043B3E929F05D404F292A	tracked	clean	ts	orphan-dev-only|must-not-package	INTERNAL_ONLY	SPLIT	INTERNAL_TOOLING	P2-PATH	extract-valid-fixtures-remove-future-calendar-fallback-from-current-build
F102	frontend/src/hooks/useCourseQuery.ts	14108	467	188468A46DD582697782D20FF6262765CF26B9E414CFEDD43D040A653F17A8AD	tracked	clean	ts	frontend-runtime-or-build|compiled-static-ui	REQUIRED	REUSE_WITH_FIXES	BASELINE_SHARED	P2-PATH	reuse-only-after-contract-accessibility-state-and-residue-fixes
F103	frontend/src/hooks/useFiltersDictionary.ts	2120	70	4EFCF7549F56A9A8CA3E1E85DD932899106D62792A8914F6EC52BD1FF561B37E	tracked	clean	ts	frontend-runtime-or-build|compiled-static-ui	REQUIRED	REUSE_WITH_FIXES	BASELINE_SHARED	P2-PATH	reuse-only-after-contract-accessibility-state-and-residue-fixes
F104	frontend/src/hooks/useLocalSoundNotifications.ts	7918	269	3C0395B122C3E32B52C766219CEFEF1323EDECFB590E61B2F3EFE120727EE287	tracked	clean	ts	legacy-watch-ui-or-orphan|compiled-static-ui	MIXED_SEE_02	SPLIT	BASELINE_SHARED	P2-PATH	extract-ui-audio-toast-value-rewrite-protocol-remove-email-and-persistent-active
F105	frontend/src/i18n/index.ts	2094	70	8644F16161AD9CA697F9FEDBCA5FD41814AA79B769ADFF96CFD032A3FC78A819	tracked	clean	ts	frontend-runtime-or-build|compiled-static-ui	REQUIRED	REUSE_WITH_FIXES	BASELINE_SHARED	P2-PATH	reuse-only-after-contract-accessibility-state-and-residue-fixes
F106	frontend/src/i18n/types.d.ts	244	12	1AD2D632D3AEF6E7937AC37BEBAFC2A179B755B7AA82A2656EDF81C5F64DCEBE	tracked	clean	ts	frontend-runtime-or-build|compiled-static-ui	REQUIRED	REUSE_WITH_FIXES	BASELINE_SHARED	P2-PATH	reuse-only-after-contract-accessibility-state-and-residue-fixes
F107	frontend/src/index.css	632	35	F0B4B1F4AA6FADBA866698942410FA09D8601C34A50BE644F04592A8E19D9842	tracked	clean	css	frontend-runtime-or-build|compiled-static-ui	REQUIRED	REUSE_WITH_FIXES	BASELINE_SHARED	P2-PATH	reuse-only-after-contract-accessibility-state-and-residue-fixes
F108	frontend/src/main.tsx	384	16	221B7A3BF84464A7DBA6C23BC7D93E3440356AE899A35B2867AE40BDC0882B90	tracked	clean	tsx	frontend-runtime-or-build|compiled-static-ui	REQUIRED	REUSE_WITH_FIXES	BASELINE_SHARED	P2-PATH	reuse-only-after-contract-accessibility-state-and-residue-fixes
F109	frontend/src/state/courseFilters.ts	9835	319	B27361945FDB3E080E3BDFDC3E24264326611172D4FA7FD646D9D7D44969AD60	tracked	clean	ts	frontend-runtime-or-build|compiled-static-ui	MIXED_SEE_02	SPLIT	BASELINE_SHARED	P2-PATH	retain-required-ui-contract-remove-mail-future-and-dead-semantics
F110	frontend/src/utils/classNames.ts	230	4	12EC35E124C158383BCB6CC05AE4F7516EB636901CE617222174575CECCD13FB	tracked	clean	ts	frontend-runtime-or-build|compiled-static-ui	REQUIRED	REUSE_WITH_FIXES	BASELINE_SHARED	P2-PATH	reuse-only-after-contract-accessibility-state-and-residue-fixes
F111	frontend/src/utils/term.ts	1979	78	C5A85ABCE09C8706FC6E54FB2C8743F77D1E74E9D54508D99451898A66D75C25	tracked	clean	ts	frontend-runtime-or-build|compiled-static-ui	REQUIRED	REUSE_WITH_FIXES	BASELINE_SHARED	P2-PATH	reuse-only-after-contract-accessibility-state-and-residue-fixes
F112	frontend/src/vite-env.d.ts	66	3	989A2714EAE5853E6B763F1075AD5D16503AA0446324F724A3D1FB50C3EA7D6C	tracked	clean	ts	frontend-runtime-or-build|compiled-static-ui	REQUIRED	REUSE_WITH_FIXES	BASELINE_SHARED	P2-PATH	reuse-only-after-contract-accessibility-state-and-residue-fixes
F113	frontend/tsconfig.json	141	8	CDC167187379646B111BB4AEC8539DAD71D0C585674DED72DF836D7F563CE390	tracked	clean	json	not-runtime|build-only	INTERNAL_ONLY	REUSE_WITH_FIXES	INTERNAL_TOOLING	P2-PATH	retain-as-build-tooling-add-test-ws-and-clean-config-boundaries
F114	frontend/tsconfig.node.json	417	16	14FA3D0E98E90620E03B9C2B71C1163FB5BCA7D00476FF14EBEA2FE1D7633A23	tracked	clean	json	not-runtime|build-only	INTERNAL_ONLY	REUSE_WITH_FIXES	INTERNAL_TOOLING	P2-PATH	retain-as-build-tooling-add-test-ws-and-clean-config-boundaries
F115	frontend/vite.config.ts	366	16	B9C9F16BF6195261982F568D47F5AA42E5FE4E44412BEF8CB8D9F540F6DD6D72	tracked	clean	ts	not-runtime|build-only	INTERNAL_ONLY	REUSE_WITH_FIXES	INTERNAL_TOOLING	P2-PATH	retain-as-build-tooling-add-test-ws-and-clean-config-boundaries
F116	notifications/mail/config.ts	8519	272	FB3D26851BAA8F1282D4EF0242485632C41687D42D5C7F02A59CA676B8CBA6D4	tracked	clean	ts	mail-runtime-or-test|must-not-package	EXCLUDED	REMOVE	HISTORICAL_EVIDENCE	P2-PATH	remove-complete-mail-code-test-dependency-asset-closure
F117	notifications/mail/providers/sendgrid.ts	9692	269	60701D7A02BAEBAD0EBCA48E86F8A0395AAD560C64126C3780FB7B453DBF71A0	tracked	clean	ts	mail-runtime-or-test|must-not-package	EXCLUDED	REMOVE	HISTORICAL_EVIDENCE	P2-PATH	remove-complete-mail-code-test-dependency-asset-closure
F118	notifications/mail/retry_policy.ts	7025	221	C610018A302693F53349AB8BFF8225B10643FAD871B8741243E897E271496018	tracked	clean	ts	mail-runtime-or-test|must-not-package	EXCLUDED	REMOVE	HISTORICAL_EVIDENCE	P2-PATH	remove-complete-mail-code-test-dependency-asset-closure
F119	notifications/mail/template_checker.ts	2635	88	460A2BC10D9E5AF8F4C4F3F880D159BD5561205FF6EC34AAE3FAD9EFAA8A63DC	tracked	clean	ts	mail-runtime-or-test|must-not-package	EXCLUDED	REMOVE	HISTORICAL_EVIDENCE	P2-PATH	remove-complete-mail-code-test-dependency-asset-closure
F120	notifications/mail/template_loader.ts	4344	114	2673BB7380772A410841FB321CB40D6CCEBF69E1E3011FD1ADCD5869F08675C0	tracked	clean	ts	mail-runtime-or-test|must-not-package	EXCLUDED	REMOVE	HISTORICAL_EVIDENCE	P2-PATH	remove-complete-mail-code-test-dependency-asset-closure
F121	notifications/mail/tests/config.test.ts	2424	85	6E00D897EF794F4CCAE6D4599E1E74B5829E29733E1E2403DBCFD5C74938F2A6	tracked	clean	ts	mail-runtime-or-test|must-not-package	EXCLUDED	REMOVE	HISTORICAL_EVIDENCE	P2-PATH	remove-complete-mail-code-test-dependency-asset-closure
F122	notifications/mail/tests/provider.test.ts	11727	349	61EF55CB43C13855A81B54DCEABFEB859FB435503AFE8AB3FF75516B70E3ADE7	tracked	clean	ts	mail-runtime-or-test|must-not-package	EXCLUDED	REMOVE	HISTORICAL_EVIDENCE	P2-PATH	remove-complete-mail-code-test-dependency-asset-closure
F123	notifications/mail/tests/retry_policy.test.ts	4236	133	36CF543CF1195C00F3536AC9609C35A60DF090A3B28D287B645A29E1A153DAD6	tracked	clean	ts	mail-runtime-or-test|must-not-package	EXCLUDED	REMOVE	HISTORICAL_EVIDENCE	P2-PATH	remove-complete-mail-code-test-dependency-asset-closure
F124	notifications/mail/tests/template_checker.test.ts	2614	59	115C7D8DA285F5144B89522613CDC3561DAEB38914F39A0395669ECDECBAAE02	tracked	clean	ts	mail-runtime-or-test|must-not-package	EXCLUDED	REMOVE	HISTORICAL_EVIDENCE	P2-PATH	remove-complete-mail-code-test-dependency-asset-closure
F125	notifications/mail/types.ts	4206	172	ED69504D1169F6CFD286044E03ED82CABAE2B13F64C0C1FB4F2FB93FEEDF6D01	tracked	clean	ts	mail-runtime-or-test|must-not-package	EXCLUDED	REMOVE	HISTORICAL_EVIDENCE	P2-PATH	remove-complete-mail-code-test-dependency-asset-closure
F126	package.json	1580	47	2E87C6EFB8CD4EC183FE6F59B59C8D05B0BEE9120A19D5441256D51FC9A8DDAA	tracked	clean	json	legacy-node-toolchain|must-not-copy-verbatim	MIXED_SEE_02	SPLIT	INTERNAL_TOOLING	P2-PATH	port-backend-consumers-to-rust-and-keep-only-proven-build-consumers
F127	package-lock.json	61964	1763	9BD26E8CAB5EE5998006D1411495FB6305C16C14A0156DEFAB61ED1490C2CF0C	tracked	clean	json	legacy-node-toolchain|must-not-copy-verbatim	MIXED_SEE_02	SPLIT	INTERNAL_TOOLING	P2-PATH	port-backend-consumers-to-rust-and-keep-only-proven-build-consumers
F128	README.md	8746	211	293B9BE226760C8E002316AF344E0679E726E11902A18AF53B45D6489FF104C5	tracked	clean	md	not-runtime|local-doc	REQUIRED	REWRITE	LOCAL_ONLY	P2-PATH	replace-node-mail-macos-claims-with-verified-local-quickstart
F129	reports/field_validation.md	21562	312	5A471BF31726E2D77F4ED6CA5A59D4A68E5E7630F9F787BC235BDD333F9E9A0F	tracked	clean	md	not-runtime|must-not-package	INTERNAL_ONLY	EXTRACT	HISTORICAL_EVIDENCE	P2-PATH	extract-stable-fixtures-and-methods-retain-report-as-history-never-package
F130	reports/field_validation_details.mdpart	9994	129	3FBFDB4D0ACE74123C0AECD98FAAB3A09624FB8E395BC65BCDE12BEA7E37DEC7	tracked	clean	mdpart	not-runtime|must-not-package	INTERNAL_ONLY	EXTRACT	HISTORICAL_EVIDENCE	P2-PATH	extract-stable-fixtures-and-methods-retain-report-as-history-never-package
F131	reports/field_validation_samples.json	24341	800	793989FB116AC10A9FD408222450FBA5DBE42B9C0CC365239221017B2776008F	tracked	clean	json	not-runtime|must-not-package	INTERNAL_ONLY	EXTRACT	HISTORICAL_EVIDENCE	P2-PATH	extract-stable-fixtures-and-methods-retain-report-as-history-never-package
F132	reports/fresh_install_log.md	1563	17	0CDEC96117FDBDE7C71C55ED88CE4839BCFDF0F5DD0D240332BE339198C0F56E	tracked	clean	md	not-runtime|must-not-package	INTERNAL_ONLY	EXTRACT	HISTORICAL_EVIDENCE	P2-PATH	extract-stable-fixtures-and-methods-retain-report-as-history-never-package
F133	reports/incremental_trial.md	2010	31	38EBE30497A880AAC7B2657858E8CF536C1CB38BC2BF11CC9AB36F74BB56AC7F	tracked	clean	md	not-runtime|must-not-package	INTERNAL_ONLY	EXTRACT	HISTORICAL_EVIDENCE	P2-PATH	extract-stable-fixtures-and-methods-retain-report-as-history-never-package
F134	reports/mail_worker_latency.md	1600	19	7977302BF6297706546EC384695DAF90F10373DB51A48AE28121C7199E94DD2B	tracked	clean	md	not-runtime|must-not-package	EXCLUDED	OUT_OF_SCOPE	HISTORICAL_EVIDENCE	P2-PATH	retain-only-as-old-failure-evidence-never-package
F135	reports/poller_durability.md	2338	21	7E7BF6BB542D224D3356A74315FFFF257FC8021949996EEC8F3D8774ACAB9BD0	tracked	clean	md	not-runtime|must-not-package	INTERNAL_ONLY	EXTRACT	HISTORICAL_EVIDENCE	P2-PATH	extract-stable-fixtures-and-methods-retain-report-as-history-never-package
F136	scripts/backfill_core_attributes.ts	4367	138	FB45845B5F62FBE5CFEB42A389BD3D3808163EA4B0D4636F240609571AE842BA	tracked	clean	ts	not-runtime|must-not-package	INTERNAL_ONLY	MERGE	INTERNAL_TOOLING	P2-PATH	merge-compatible-core-normalization-into-ingest-migration
F137	scripts/fetch_soc_data.ts	49018	1414	5C524E2178C5B0489CCF1D61CD8AA248B6E1A9E46531BC887202356734615C54	tracked	clean	ts	legacy-data-runtime|must-not-package	REQUIRED	PORT	BASELINE_SHARED	P2-PATH	port-algorithm-contract-with-recorded-correctness-and-safety-fixes
F138	scripts/i18n_missing_check.ts	2583	80	308BDF1CE4636C426280CF5795D6640858210A89929F6C4087F568BB04E19047	tracked	clean	ts	not-runtime|must-not-package	INTERNAL_ONLY	REUSE_WITH_FIXES	INTERNAL_TOOLING	P2-PATH	retain-and-add-non-target-key-and-orphan-checks
F139	scripts/incremental_trial.ts	21801	646	B8BD9D5F132A31A7435FD126CCA3039C6B40BFD3634E5C5261343D231E860429	tracked	clean	ts	not-runtime|must-not-package	INTERNAL_ONLY	REUSE_WITH_FIXES	INTERNAL_TOOLING	P2-PATH	retain-or-extract-as-isolated-validation-tool-never-user-package
F140	scripts/mail_e2e_sim.ts	9385	276	651E80E88DE9486CD2671B1E4463CE13C5CC83BF24D2238DA1AE2B016FB8898A	tracked	clean	ts	mail-script|must-not-package	EXCLUDED	REMOVE	HISTORICAL_EVIDENCE	P2-PATH	remove-from-current-product-and-package
F141	scripts/mail_templates.js	4363	133	46BF581D07500D745532592C2E269BA30A32ED0B42A8DB396C16B92AE0F0497A	tracked	clean	js	mail-script|must-not-package	EXCLUDED	REMOVE	HISTORICAL_EVIDENCE	P2-PATH	remove-from-current-product-and-package
F142	scripts/migrate_db.ts	5401	186	59C02BBF24836853EB3547DE38152AF4900A1378845D6C9936FA826118290EB8	tracked	clean	ts	legacy-data-runtime|must-not-package	REQUIRED	PORT	BASELINE_SHARED	P2-PATH	port-algorithm-contract-with-recorded-correctness-and-safety-fixes
F143	scripts/oneclick_start.js	20728	568	7C3BFDA220AE32C2FC58CEA5ADB6E60304DB84E4B29AAD48753100BD294BF0DC	tracked	clean	js	direct-local-launch-runtime|must-not-package	MIXED_SEE_02	SPLIT	LOCAL_ONLY	P2-PATH	extract-supervision-errors-remove-node-install-vite-dev-mail-and-rewrite-in-rust
F144	scripts/poller_resume_sim.ts	6610	199	F0556310A1DD1C057121698B4CCD2584DA0C77FCAD636A65243BDFAC8CCEEA26	tracked	clean	ts	not-runtime|must-not-package	INTERNAL_ONLY	REUSE_WITH_FIXES	INTERNAL_TOOLING	P2-PATH	retain-or-extract-as-isolated-validation-tool-never-user-package
F145	scripts/run_stack.sh	12055	427	611338D7A0148422FA51064246DFE135CCD98F2A9F327D09D16DC9D3B2EF1D5B	tracked	clean	sh	legacy-linux-dev-entry|must-not-package	INTERNAL_ONLY	EXTRACT	PUBLIC_DELTA	P2-PATH	carry-ops-lessons-to-p4-not-local-package
F146	scripts/setup_local_env.sh	8106	289	14DC88A0F89DEAECC58FD7249D397D28EBB4A739AD199C1C4DE0F4A3D45C0C19	tracked	clean	sh	legacy-linux-dev-entry|must-not-package	INTERNAL_ONLY	EXTRACT	PUBLIC_DELTA	P2-PATH	carry-ops-lessons-to-p4-not-local-package
F147	scripts/soc_api_client.ts	7291	267	3CC61D911D9BE7B559C4F53F5EDB0D6B2F1818B042F455430FA14CAD6FE76DB3	tracked	clean	ts	legacy-data-runtime|must-not-package	REQUIRED	PORT	BASELINE_SHARED	P2-PATH	port-algorithm-contract-with-recorded-correctness-and-safety-fixes
F148	scripts/soc_field_matrix.py	18468	451	FC25D0C85AE3C500147155AA1410BBE00AC062DF4E389B31408B8E1511FDBF63	tracked	clean	py	not-runtime|must-not-package	INTERNAL_ONLY	REUSE_WITH_FIXES	INTERNAL_TOOLING	P2-PATH	retain-or-extract-as-isolated-validation-tool-never-user-package
F149	scripts/soc_normalizer.ts	15924	463	64BB036725C2035CB68C3D4E60D82B6D6D47647C9C435B500BA446DA43171087	tracked	clean	ts	legacy-data-runtime|must-not-package	REQUIRED	PORT	BASELINE_SHARED	P2-PATH	port-algorithm-contract-with-recorded-correctness-and-safety-fixes
F150	scripts/soc_probe.ts	8318	262	9DB197D1AAE130E229FCBF70EF514C3EED7B5B6259D95277FB895F312E4CDF10	tracked	clean	ts	not-runtime|must-not-package	INTERNAL_ONLY	REUSE_WITH_FIXES	INTERNAL_TOOLING	P2-PATH	retain-or-extract-as-isolated-validation-tool-never-user-package
F151	scripts/soc_rate_limit.ts	13642	442	AF2060B4BCF58107211071545457088D7D24561D412083CE3E6771DBEBBA430C	tracked	clean	ts	not-runtime|must-not-package	INTERNAL_ONLY	REUSE_WITH_FIXES	INTERNAL_TOOLING	P2-PATH	retain-or-extract-as-isolated-validation-tool-never-user-package
F152	Start-WebUI.bat	580	20	7D3A49B3E9DFFD97A3F8DAA06BB1260E4F935A6BF8D69470EF6CD87E42FB4FDC	tracked	clean	bat	direct-user-entry|local-package-required	REQUIRED	REUSE_WITH_FIXES	LOCAL_ONLY	P2-PATH	rewrite-wrapper-to-launch-bcsp-local-exe
F153	Start-WebUI.command	785	21	BC7DB1905C4FBDD0DE8A55E45D7B08D8BE1499EC496C4B3A8D44A6377DEC538F	tracked	clean	command	legacy-direct-entry|must-not-package	EXCLUDED	REMOVE	HISTORICAL_EVIDENCE	P2-PATH	remove-from-current-product-and-local-package
F154	tsconfig.json	414	14	7A51445622378255EB741D7943B4885E850AB477C62D234091F0353A6E941562	tracked	clean	json	legacy-node-toolchain|must-not-copy-verbatim	MIXED_SEE_02	SPLIT	INTERNAL_TOOLING	P2-PATH	port-backend-consumers-to-rust-and-keep-only-proven-build-consumers
F155	workers/mail_dispatcher.ts	25930	732	3A67F9BC4365F1579960BA37514543BDBAEC6A899A31F69754ACCCA2937AC341	tracked	clean	ts	mail-worker-or-test|must-not-package	EXCLUDED	REMOVE	HISTORICAL_EVIDENCE	P2-PATH	remove-mail-worker-and-test-closure
F156	workers/open_sections_poller.ts	43300	1348	E7A16A74CC1EA0A05BCD9D2D9DB502DA9DA7A0DF25E00C46D1E437D89DE9AD46	tracked	clean	ts	active-open-poller-or-test|must-not-package	MIXED_SEE_02	SPLIT	BASELINE_SHARED	P2-PATH	port-coalesced-polling-and-resilience-rewrite-watch-discovery-event-dedupe-fanout
F157	workers/tests/mail_dispatcher.test.ts	9353	229	F349095C7CB3E5B72D63A18DCFEC023E1A3FF27A2F7FEA7C4F74A725A7AE1304	tracked	clean	ts	mail-worker-or-test|must-not-package	EXCLUDED	REMOVE	HISTORICAL_EVIDENCE	P2-PATH	remove-mail-worker-and-test-closure
F158	workers/tests/open_sections_poller.auto.test.ts	7821	221	79462293A8445454618238B9F60E409C209FB12CD0A193953D91BFE583858E33	tracked	clean	ts	active-open-poller-or-test|must-not-package	MIXED_SEE_02	SPLIT	BASELINE_SHARED	P2-PATH	port-coalesced-polling-and-resilience-rewrite-watch-discovery-event-dedupe-fanout
