row_id	input_ref	capability	disposition	public_contract	reason	consumers	validation_ids	p7_task_ids
P4-B001	P3-07-§4.1	SHARED_DOMAIN SectionKey CourseGroup Variant three-valued algebra	INHERIT_SHARED	Public and local use one Rust domain model and one versioned contract set.	The public package is a constrained consumer of the P3 baseline, not a second product implementation.	public HTTP API; query; Open reconcile; React UI	P4-T-SHARED-DOMAIN	P7-SHARED-DOMAIN
P4-B002	P3-07-§6.1	CATALOG current term campus subject dictionaries	INHERIT_SHARED	Discover current Rutgers terms and all current valid campuses with source version freshness; never substitute hard-coded fallback data.	P3 froze data semantics and explicitly forbids fallback dictionaries.	public catalog runtime; filter dictionaries; status UI	P4-T-CATALOG-DISCOVERY	P7-SHARED-CATALOG
P4-B003	P3-07-§5.2;§6	CATALOG target-scoped ingest and CourseGroup Variant model	INHERIT_SHARED	Stage and atomically replace only the successful term-campus target while preserving other targets and raw provenance.	Public scale changes ownership and operations, not catalog correctness.	public catalog store; course search; section detail	P4-T-CATALOG-INGEST	P7-SHARED-CATALOG
P4-B004	P3-09-§2;P3-07-§5	SECTION_IDENTITY term campus index	INHERIT_SHARED	Use (term,campus,index) as the external SectionKey; collapse only semantically equivalent exact-scope duplicates.	P3 evidence rejected bare index and found no semantic-conflict duplicate.	query; routes; watch protocol; Open join	P4-T-SECTION-KEY	P7-SHARED-DOMAIN
P4-B005	P3-07-§5.4-§5.5	COURSE_SECTION normalization Delivery occurrence provenance	INHERIT_SHARED	Preserve offering variants and raw values; normalize modality and synchronicity as orthogonal axes and retain UNKNOWN.	The same factual interpretation must reach both packages.	catalog normalize; query; course and section UI	P4-T-DELIVERY-OCCURRENCE	P7-SHARED-CATALOG
P4-B006	P3-07-§6.2;workflow-§13	CATALOG_REFRESH fixed public schedule	PUBLIC_MODIFY	Run catalog refresh at fixed 10 minutes; ordinary users cannot configure or force an upstream request; scheduler remains target-scoped single-flight and coalesced.	Public traffic must not amplify Rutgers requests and the user approved a fixed public value.	public refresh policy adapter; status API; UI	P4-T-PUBLIC-CATALOG-10M;P4-T-NO-USER-UPSTREAM-REFRESH	P7-PUBLIC-RUNTIME
P4-B007	P3-07-§6;§12.1	CATALOG_REFRESH observations timestamps and partial target status	INHERIT_SHARED	Every attempt gets a new observation; unchanged success advances successful timestamp; latest failure is separately visible; one target failure cannot erase another.	These are shared truthfulness and safety semantics.	public status API; readiness; React freshness UI	P4-T-CATALOG-OBSERVATION	P7-SHARED-CATALOG
P4-B008	P3-23a-§2-§3	OPEN_POLLING OpenBatchKey join reconcile and LKG	INHERIT_SHARED	OpenBatchKey=(term,campus); validate same-batch source set then membership-intersect against matching Catalog; orphan audit only; unsafe empty zero-intersection failure and Catalog race keep LKG and never mass-close.	P3 froze one shared Open contract for local and public.	public Open runtime; state store; filters; watchers	P4-T-OPEN-JOIN-LKG	P7-SHARED-OPEN
P4-B009	P3-23a-§4;P3-09-§4	OPEN_POLLING public two-clock cadence	PUBLIC_MODIFY	General public target cadence is fixed 30 seconds; a target with at least one active watch requests effective min(30,10)=10 seconds; users cannot configure either value.	This is the approved public adapter over the shared scheduler contract.	public refresh policy; watch demand registry; status UI	P4-T-OPEN-PUBLIC-30S;P4-T-OPEN-WATCH-10S	P7-PUBLIC-RUNTIME;P7-SHARED-OPEN
P4-B010	P3-23a-§4-§5	OPEN_POLLING scheduling transport backoff circuit	INHERIT_SHARED	Per-target single-flight; same-target watchers do not amplify; Catalog and Open share real-origin concurrency 1; EDF with no starvation; no catch-up burst; frozen timeouts size limit backoff Retry-After and circuits.	Public deployment must not weaken the upstream safety envelope.	public scheduler; Rutgers client; diagnostics	P4-T-OPEN-SCHEDULER-SAFETY	P7-SHARED-OPEN
P4-B011	P3-23a-§6	OPEN_POLLING observation layers and bounded diagnostics	INHERIT_SHARED	Record OpenPullAttempt OpenRefreshObservation and per-watched-section OpenObservation separately; ETag is audit-only; keep current Rutgers day or last 256 details per target and roll older details to daily aggregates without raw bodies.	P3 froze the audit cardinality and bounded retention.	public diagnostics store; status API; watch fanout	P4-T-OPEN-OBSERVATION-LAYERS	P7-SHARED-OPEN
P4-B012	P3-23a-§6;P2-06-§11.3	OPEN_POLLING public counters	PUBLIC_MODIFY	Expose attempted succeeded failed empty at upstream-target-request grain for the service-wide Rutgers day in America/New_York; persist across service restart; do not expose local-run counters.	The public service has shared scheduler ownership rather than a per-device run.	public metrics store; status API; refresh UI	P4-T-PUBLIC-DAY-COUNTERS	P7-PUBLIC-RUNTIME
P4-B013	P3-23a-§6	OPEN_POLLING freshness lag and uncertainty	INHERIT_SHARED	Compute fresh_until from last valid completion; a later failure unsafe result or Catalog race makes LKG stale; stale or UNKNOWN FLT-S03 evaluates UNCERTAIN while UI shows last-known age reason requested effective actual cadence and lag.	Truthful freshness is shared product semantics and prevents false Open or Closed certainty.	query; public status API; cards; section detail	P4-T-OPEN-FRESHNESS	P7-SHARED-OPEN;P7-SHARED-QUERY
P4-B014	P2-06-§2-§3	FILTERING three-valued algebra same-section same-variant witness	INHERIT_SHARED	MATCH UNCERTAIN NO_MATCH and AND OR ANY ALL truth tables are identical; one same section must witness all active section predicates; server owns reasons totals and pagination.	Public and local must return the same answer for the same fresh data.	query engine; course API; section API; React results	P4-T-FILTER-ALGEBRA	P7-SHARED-QUERY
P4-B015	P2-06-FLT-C01;P3-07-§7	FILTERING FLT-C01 Term	INHERIT_SHARED	Required exact term from sourced versioned dictionary; unavailable dictionary blocks the query.	Part of the approved 22-row FilterSchema.	FilterSchema; query; UI; i18n	P4-T-FLT-C01	P7-SHARED-QUERY;P7-SHARED-UI
P4-B016	P2-06-FLT-C02;P3-07-§7	FILTERING FLT-C02 Campus	INHERIT_SHARED	Exact multi-select OR over current valid campuses; empty means all available campuses; missing record is UNCERTAIN.	Part of the approved 22-row FilterSchema and Rutgers-wide campus support.	FilterSchema; query; UI; i18n	P4-T-FLT-C02	P7-SHARED-QUERY;P7-SHARED-UI
P4-B017	P2-06-FLT-C03;P3-07-§7	FILTERING FLT-C03 Subject	INHERIT_SHARED	Exact multi-select OR over current sourced subject dictionary; unknown is UNCERTAIN.	Part of the approved 22-row FilterSchema.	FilterSchema; query; UI; i18n	P4-T-FLT-C03	P7-SHARED-QUERY;P7-SHARED-UI
P4-B018	P2-06-FLT-C04;P3-07-§7.4	FILTERING FLT-C04 Free-text search	INHERIT_SHARED	Case-insensitive token AND across course identifier subject number title and expanded title; exact identifier ranks first; unavailable FTS is an error not fake fallback.	Part of the approved 22-row FilterSchema.	FTS5; query; course UI	P4-T-FLT-C04	P7-SHARED-QUERY;P7-SHARED-UI
P4-B019	P2-06-FLT-C05;P3-07-§7	FILTERING FLT-C05 Course number	INHERIT_SHARED	Exact normalized multi-value OR; unknown is UNCERTAIN.	Part of the approved 22-row FilterSchema.	FilterSchema; query; UI	P4-T-FLT-C05	P7-SHARED-QUERY;P7-SHARED-UI
P4-B020	P2-06-FLT-C06;P3-07-§7	FILTERING FLT-C06 Level	INHERIT_SHARED	Exact multi-select OR and provenance for derived level; unknown is UNCERTAIN.	Part of the approved 22-row FilterSchema.	FilterSchema; query; UI	P4-T-FLT-C06	P7-SHARED-QUERY;P7-SHARED-UI
P4-B021	P2-06-FLT-C07;P3-07-§7	FILTERING FLT-C07 Credits	INHERIT_SHARED	Inclusive minimum and maximum numeric range; unknown is UNCERTAIN.	Part of the approved 22-row FilterSchema.	FilterSchema; query; UI	P4-T-FLT-C07	P7-SHARED-QUERY;P7-SHARED-UI
P4-B022	P2-06-FLT-C08;P3-07-§7	FILTERING FLT-C08 Core code	INHERIT_SHARED	Exact codes with explicit user-selected ANY or ALL and three-valued composition.	Part of the approved 22-row FilterSchema.	FilterSchema; query; UI	P4-T-FLT-C08	P7-SHARED-QUERY;P7-SHARED-UI
P4-B023	P2-06-FLT-C09;P3-07-§7	FILTERING FLT-C09 Prerequisite presence	INHERIT_SHARED	Any has none with empty distinguished from unknown; source unknown yields UNCERTAIN when filtered.	Part of the approved 22-row FilterSchema.	FilterSchema; query; UI	P4-T-FLT-C09	P7-SHARED-QUERY;P7-SHARED-UI
P4-B024	P2-06-FLT-C10;P3-07-§7	FILTERING FLT-C10 Course campus location	INHERIT_SHARED	Exact multi-select OR over structured course location; unknown is UNCERTAIN.	Part of the approved 22-row FilterSchema.	FilterSchema; query; UI	P4-T-FLT-C10	P7-SHARED-QUERY;P7-SHARED-UI
P4-B025	P2-06-FLT-S01;P3-07-§7	FILTERING FLT-S01 Section index	INHERIT_SHARED	Exact multi-value OR parsed only with term-campus context and external composite key.	Part of the approved 22-row FilterSchema.	FilterSchema; section query; UI	P4-T-FLT-S01	P7-SHARED-QUERY;P7-SHARED-UI
P4-B026	P2-06-FLT-S02;P3-07-§7	FILTERING FLT-S02 Section number	INHERIT_SHARED	Exact multi-value OR over structured section number; unknown is UNCERTAIN.	Part of the approved 22-row FilterSchema.	FilterSchema; section query; UI	P4-T-FLT-S02	P7-SHARED-QUERY;P7-SHARED-UI
P4-B027	P2-06-FLT-S03;P3-23a-§6	FILTERING FLT-S03 Open status	INHERIT_SHARED	Exact multi-select over fresh canonical OPEN CLOSED UNKNOWN; stale LKG or no LKG is UNCERTAIN and Catalog raw status never substitutes.	Part of the approved 22-row FilterSchema and frozen shared Open truth table.	FilterSchema; query; Open state; UI	P4-T-FLT-S03	P7-SHARED-QUERY;P7-SHARED-OPEN;P7-SHARED-UI
P4-B028	P2-06-FLT-S04a;P3-07-§5.5	FILTERING FLT-S04a Delivery modality	INHERIT_SHARED	Exact OR over ON_CAMPUS_OR_IN_PERSON ONLINE HYBRID OTHER UNKNOWN with raw provenance and no non-online inference.	Part of the approved 22-row FilterSchema and P3 Delivery oracle.	FilterSchema; normalize; query; UI	P4-T-FLT-S04a	P7-SHARED-CATALOG;P7-SHARED-QUERY;P7-SHARED-UI
P4-B029	P2-06-FLT-S04b;P3-07-§5.5	FILTERING FLT-S04b Delivery synchronicity	INHERIT_SHARED	Exact OR over SYNC ASYNC MIXED UNSPECIFIED UNKNOWN independent of modality.	Part of the approved 22-row FilterSchema and P3 Delivery oracle.	FilterSchema; normalize; query; UI	P4-T-FLT-S04b	P7-SHARED-CATALOG;P7-SHARED-QUERY;P7-SHARED-UI
P4-B030	P2-06-FLT-S05;P3-07-§7	FILTERING FLT-S05 Instructor	INHERIT_SHARED	Dictionary exact-only OR; preserve observed name-only reliability; unknown is UNCERTAIN.	Part of the approved 22-row FilterSchema.	FilterSchema; query; UI	P4-T-FLT-S05	P7-SHARED-QUERY;P7-SHARED-UI
P4-B031	P2-06-FLT-S06;P3-07-§7.3	FILTERING FLT-S06 Weekly occurrence availability	INHERIT_SHARED	All potential-required occurrences must fit one of the user's windows for their weekday; TBA partial invalid or unknown requiredness follows the frozen strict three-valued rules.	This strict scenario is a core user requirement.	FilterSchema; occurrence query; UI reasons	P4-T-FLT-S06	P7-SHARED-QUERY;P7-SHARED-UI
P4-B032	P2-06-FLT-S07;P3-07-§7	FILTERING FLT-S07 Meeting campus location	INHERIT_SHARED	Exact multi-select OR sourced from meeting occurrence; unknown is UNCERTAIN.	Part of the approved 22-row FilterSchema.	FilterSchema; occurrence query; UI	P4-T-FLT-S07	P7-SHARED-QUERY;P7-SHARED-UI
P4-B033	P2-06-FLT-S08;P3-07-§7	FILTERING FLT-S08 Building room	INHERIT_SHARED	Exact multi-select OR over structured building or room code; unknown is UNCERTAIN.	Part of the approved 22-row FilterSchema.	FilterSchema; occurrence query; UI	P4-T-FLT-S08	P7-SHARED-QUERY;P7-SHARED-UI
P4-B034	P2-06-FLT-S09;P3-07-§7	FILTERING FLT-S09 Exam code	INHERIT_SHARED	Exact multi-select OR over structured exam code or text without inventing an exam occurrence; unknown is UNCERTAIN.	Part of the approved 22-row FilterSchema.	FilterSchema; section query; UI	P4-T-FLT-S09	P7-SHARED-QUERY;P7-SHARED-UI
P4-B035	P2-06-FLT-S10;P3-07-§7	FILTERING FLT-S10 Special permission	INHERIT_SHARED	Any required not-required over structured add-permission data; unknown is UNCERTAIN.	Part of the approved 22-row FilterSchema.	FilterSchema; section query; UI	P4-T-FLT-S10	P7-SHARED-QUERY;P7-SHARED-UI
P4-B036	P2-06-FLT-S11;P3-07-§7	FILTERING FLT-S11 Eligibility major minor honors	INHERIT_SHARED	Structured exact filters use OR within a dimension and AND across dimensions; missing or uninterpretable data is UNCERTAIN.	Part of the approved 22-row FilterSchema.	FilterSchema; section query; UI	P4-T-FLT-S11	P7-SHARED-QUERY;P7-SHARED-UI
P4-B037	P2-06-§6;P3-07-§9	COURSE_SECTION_NAV course-centered results and variants	INHERIT_SHARED	Default search is course-centered; preserve variants; show MATCH and UNCERTAIN sections separately plus explicit other-section reasons.	This is the approved default information architecture.	course API; React cards; responsive UI	P4-T-COURSE-CENTERED	P7-SHARED-UI;P7-SHARED-QUERY
P4-B038	P2-06-§6;P3-07-§8-§9	SECTION_DETAIL independent search and direct detail	INHERIT_SHARED	Provide section search and reload-safe /sections/:term/:campus/:index detail; copying that navigation URL is not a Share-links feature and never restores filters.	Independent section access is core while named sharing is excluded.	section API; router fallback; React detail	P4-T-SECTION-DETAIL-DIRECT	P7-SHARED-UI;P7-SHARED-QUERY
P4-B039	P2-06-§7.1	SUBSCRIPTIONS current-page selected sections	PUBLIC_MODIFY	Allow up to nine selected SectionKeys in current page memory only; every top-level document load starts empty; no browser persistence.	Public sessions are ephemeral while selection is still needed to start watches.	public session adapter; chooser UI; watch start	P4-T-PUBLIC-SELECTION-EPHEMERAL	P7-PUBLIC-SESSION;P7-SHARED-WATCH
P4-B040	P2-06-§8;P3-07-§12.3	SUBSCRIPTIONS active live watch lifecycle	INHERIT_SHARED	An explicit user gesture starts each watch; server validates composite keys; stop disconnect heartbeat timeout process exit and page end clear active mappings; transport reconnect never re-watches automatically.	Active watch is intentionally non-persistent in both packages.	WebSocket runtime; session UI; Open fanout	P4-T-WATCH-LIFECYCLE	P7-SHARED-WATCH
P4-B041	P2-06-§8	SUBSCRIPTIONS centralized WebSocket fanout	INHERIT_SHARED	Maintain connection-to-sections and section-to-connections maps; one target poll fans out valid observations; exact frame replay is idempotent but later pulls are not suppressed.	Browser count must not increase upstream demand.	public WebSocket endpoint; watch runtime; UI	P4-T-WS-FANOUT	P7-SHARED-WATCH;P7-PUBLIC-RUNTIME
P4-B042	P2-06-§8;P3-07-§12.3	SUBSCRIPTIONS maximum nine selected sections	INHERIT_SHARED	Reject the tenth selected section with a stable localized error; the limit is per current page session and never changes scheduler request multiplicity.	The user-approved product cap applies to local and public watch UX.	selection UI; watch API; tests	P4-T-WATCH-MAX-NINE	P7-SHARED-WATCH;P7-SHARED-UI
P4-B043	P2-06-§9.2	AUDIO_NOTIFICATIONS toast alert aggregation	INHERIT_SHARED	A new OpenEpisode creates an accessible alert; later same-episode observations update timestamp and count rather than unlimited toast stacking; closing a toast does not stop watch or confirm audio.	Visual feedback is required even when audio is silent or blocked.	React alert center; watch frames; a11y	P4-T-TOAST-EPISODE	P7-SHARED-UI;P7-SHARED-WATCH
P4-B044	P2-06-§9-§10;P3-23a-§7	AUDIO_NOTIFICATIONS ONE_SHOT Max audible notifications	INHERIT_SHARED	Each distinct valid Open section observation attempts one cue until per-section successful-audible cap; default 3 any positive integer no product upper limit; cap makes later cues silent without stopping watch toast or state; explicit restart or reset-count clears count.	P3 froze the distinction between observations episodes and audio.	browser mixer; alert state; watch UI	P4-T-ONE-SHOT-MAX-AUDIBLE	P7-SHARED-UI;P7-SHARED-WATCH
P4-B045	P2-06-§10.3;P3-23a-§7	AUDIO_NOTIFICATIONS CONTINUOUS alarm confirmation	INHERIT_SHARED	New OpenEpisode rings for default 10 minutes or configured positive duration or UNLIMITED; per-section or all confirmation stops acknowledged episodes; reliable Closed then Open is required to re-arm; Max audible does not apply.	This is the approved alarm semantic and must be identical across packages.	browser mixer; episode state; alert UI	P4-T-CONTINUOUS-ALARM	P7-SHARED-UI;P7-SHARED-WATCH
P4-B046	P2-06-§10;P3-23a-§8	AUDIO_NOTIFICATIONS browser-only bounded mixer	INHERIT_SHARED	Only the connected unlocked capable WebUI plays a generic sound through one bounded mixer; blocked or failed AudioContext is visible and does not consume a cue; no promise while page is closed locked or suspended.	The product deliberately excludes native and system notification channels.	React audio service; accessibility UI	P4-T-BROWSER-AUDIO	P7-SHARED-UI
P4-B047	P2-06-§7.1	PERSISTENCE current-page alert and watch history	PUBLIC_MODIFY	Keep only current-page episode alert and action state in memory; discard it on top-level reload new tab service reconnect that ends watch or page close; no public history API or durable records.	Public WebUI must open as a fresh user experience while still explaining current-session events.	public session adapter; React alert list	P4-T-PUBLIC-HISTORY-EPHEMERAL	P7-PUBLIC-SESSION;P7-SHARED-UI
P4-B048	P2-06-§12;P3-07-§9.3	I18N en-US zh-CN complete product shell	INHERIT_SHARED	Maintain en-US and zh-CN canonical catalogs with en-US fallback; html lang formats plurals a11y labels filters errors refresh Open watch and audio have key parity; Rutgers raw text remains untranslated.	At least English and Simplified Chinese are approved shared capabilities.	React i18n; API error keys; docs	P4-T-I18N-KEY-PARITY	P7-SHARED-I18N;P7-SHARED-UI
P4-B049	P2-06-§7.1;§12	I18N public locale initialization	PUBLIC_MODIFY	Every top-level page detects browser or system preferences; a page may switch locale in memory; reload does not persist the choice.	The public product must start fresh and follow system language.	public session bootstrap; React i18n	P4-T-PUBLIC-LOCALE-EPHEMERAL	P7-PUBLIC-SESSION;P7-SHARED-I18N
P4-B050	P2-06-§7.1	PERSISTENCE public audio and filter settings	PUBLIC_MODIFY	Filters selection volume mode duration Max audible and other ordinary settings use product defaults on every top-level load and may change only in current page memory.	The user explicitly rejected public persistence for ordinary user state.	public session adapter; filter store; audio UI	P4-T-PUBLIC-DEFAULT-STATE	P7-PUBLIC-SESSION;P7-SHARED-UI
P4-B051	workflow-§13;P2-06-§7.1	PERSISTENCE public session boundary	PUBLIC_MODIFY	Create a new anonymous ephemeral UserSession for first open new tab and reload; no account contact device token or stable user identity; WebSocket state is connection-bound.	This is the central public delta from the local one-click baseline.	public bootstrap; HTTP session boundary; WebSocket	P4-T-PUBLIC-SESSION-NEW-PAGE	P7-PUBLIC-SESSION;P7-PUBLIC-RUNTIME
P4-B052	P3-07-§8	API stable typed product surfaces	INHERIT_SHARED	Expose bootstrap dictionaries course search section search and detail Open status plus versioned WebSocket watch using stable error codes and localized message keys; never leak SQL raw upstream bodies absolute paths or secrets.	Public deployment adds security controls but does not fork product contracts.	public HTTP server; React client; tests	P4-T-PUBLIC-API-CONTRACT	P7-SHARED-DOMAIN;P7-PUBLIC-RUNTIME
P4-B053	P2-03-CAP-I03;P3-07-§9.2	PUBLIC_RUNTIME health readiness and truthful degradation	PUBLIC_MODIFY	Liveness proves process health; readiness reports catalog availability Open checkpoint lag circuit and partial-target states without exposing internals; degraded service remains queryable from LKG where safe.	A long-running public service needs operator-visible state distinct from user errors.	public runtime; systemd; monitoring; status UI	P4-T-PUBLIC-READINESS	P7-PUBLIC-RUNTIME;P7-PUBLIC-OPS
P4-B054	P2-03-CAP-I04;P3-23a-§6	PUBLIC_RUNTIME structured redacted logs metrics and retention	PUBLIC_MODIFY	Emit structured redacted request scheduler circuit readiness and lifecycle events; rotate logs; keep public service-day counters and bounded diagnostic observations; never log raw bodies URLs with secrets or personal state.	Public operations require service-wide diagnostics without recreating user history.	tracing; metrics; operations	P4-T-PUBLIC-OBSERVABILITY	P7-PUBLIC-OPS
P4-B055	P3-07-§4.2;workflow-§13	PUBLIC_RUNTIME network and security boundary	PUBLIC_MODIFY	Listen on private service socket or loopback behind the reverse proxy; trust only reviewed proxy headers; apply request body rate and origin controls; inject secrets through environment or credential files; ordinary product API exposes no admin mutation surface.	The local nonce and loopback assumptions do not transfer unchanged to Internet deployment.	public entrypoint; reverse proxy; systemd	P4-T-PUBLIC-SECURITY-BOUNDARY	P7-PUBLIC-RUNTIME;P7-PUBLIC-OPS
P4-B056	workflow-§13	PUBLIC_RUNTIME Linux Rust entrypoint	PUBLIC_MODIFY	Build bcsp-server from the same workspace and shared domain; serve embedded versioned React assets and shared API; do not ship Windows launcher behavior or a second business implementation.	The public package requires Linux lifecycle integration while preserving one code baseline.	public entry crate; Linux artifact	P4-T-LINUX-ENTRYPOINT	P7-PUBLIC-RUNTIME;P7-PUBLIC-PACKAGE
P4-B057	workflow-§13;P3-07-§5;P6-REVIEW-LOCAL-STORAGE-AMENDMENT-001	PUBLIC_RUNTIME centralized database	PUBLIC_MODIFY	On first start create one service-owned schema-only operational database at /var/lib/bcsp/rbcsp.sqlite from public-compatible versioned migrations; its logical Catalog Open diagnostics and operational domains may then be populated at runtime, but the public migration graph contains no LOCAL_ONLY personal tables or migrations.	The public service needs durable shared operational state outside the release archive, while anonymous sessions must never acquire durable personal state.	public storage adapter; migration graph; backup tools; runtime	P4-T-PUBLIC-STORAGE-BOUNDARY	P7-PUBLIC-RUNTIME;P7-PUBLIC-OPS
P4-B058	workflow-§13	PUBLIC_OPS systemd lifecycle	PUBLIC_MODIFY	Provide a hardened systemd unit with dedicated non-root user explicit writable paths restart policy dependency ordering resource limits and clean shutdown; installation remains a later P7 artifact and production use needs separate authorization.	Linux service operation is public-package-only.	systemd unit; install and rollback docs	P4-T-SYSTEMD-PLAN	P7-PUBLIC-OPS;P7-PUBLIC-PACKAGE
P4-B059	workflow-§13	PUBLIC_OPS Caddy HTTPS and reverse proxy	PUBLIC_MODIFY	Plan Caddy TLS termination security headers compression size and timeout limits WebSocket proxying and health routing; domain credentials and production DNS remain outside P4 and require later authorization.	HTTPS is required for public browser audio and secure transport, but P4 cannot mutate production.	Caddy config template; deployment docs	P4-T-CADDY-HTTPS-PLAN	P7-PUBLIC-OPS;P7-PUBLIC-PACKAGE
P4-B060	workflow-§13	PUBLIC_OPS backup upgrade restore rollback	PUBLIC_MODIFY	Specify pre-upgrade database backup migration compatibility health verification atomic binary and asset switch restore drill and rollback; user-facing service must not claim recoverability until P7 tests it.	A public long-running store needs an operational lifecycle absent from the Windows archive.	operations scripts and docs; release validation	P4-T-PUBLIC-RECOVERY-PLAN	P7-PUBLIC-OPS;P7-PUBLIC-PACKAGE
P4-B061	P2-03-CAP-017;workflow-§13	SHARED_UI desktop mobile responsive accessibility	INHERIT_SHARED	One React product shell supports desktop and mobile layouts keyboard screen reader reduced motion loading empty stale error disabled and partial states; public capability flags remove local-only surfaces at build time.	Both packages serve the same ordinary-user experience and P7.2/P7.3 remain independent phases.	React UI; browser tests; visual tests	P4-T-RESPONSIVE-A11Y	P7-SHARED-UI
P4-B062	P3-23a-§8	OPEN_POLLING latency wording	INHERIT_SHARED	Display BCSP first observed Open and actual freshness and scheduler lag; validate <=1 second from valid observation through server fanout; do not promise real Rutgers seat change notification within 30 seconds.	Upstream publication and cache delay are unknown and outside BCSP control.	status UI; alert UI; docs	P4-T-LATENCY-TRUTH	P7-SHARED-OPEN;P7-SHARED-UI
P4-B063	P2-06-§11;workflow-§13	CATALOG_REFRESH ordinary browser refresh isolation	PUBLIC_MODIFY	Browser reload query navigation and status refresh read current service state and never trigger immediate Rutgers Catalog or Open requests; only the centralized scheduler controls origin work.	Public request volume must be independent of visitor traffic.	public HTTP adapter; scheduler boundary	P4-T-NO-BROWSER-ORIGIN-AMPLIFICATION	P7-PUBLIC-RUNTIME
P4-B064	P3-07-§13;P6-REVIEW-LOCAL-STORAGE-AMENDMENT-001	LOCAL_ONLY Windows RBCSP.exe BAT launcher and package-relative database	PUBLIC_EXCLUDE	Do not compile or package the Windows launcher browser-open loopback nonce package-root data/rbcsp.sqlite path-resolution behavior or clean-Windows archive assets into the public artifact.	These are local one-click delivery concerns and would be wrong on Linux service hosts, whose writable state is external under /var/lib/bcsp.	public build graph; package manifest	P4-T-EXCLUDE-WINDOWS-LAUNCHER	P7-PUBLIC-PACKAGE;P7-PUBLIC-ZERO-SURFACE
P4-B065	P3-07-§5;§11;P6-REVIEW-LOCAL-STORAGE-AMENDMENT-001	LOCAL_ONLY personal tables and migrations in the Windows single database	PUBLIC_EXCLUDE	No public build-reachable migration, table, API, or storage adapter for per-user filters selected settings Saved views history acknowledgements or local Reset state; these LOCAL_ONLY domains remain isolated even though the Windows package stores them in its single data/rbcsp.sqlite.	Public sessions are anonymous and ephemeral, so the public schema must not carry dormant personal persistence.	public migration graph; storage graph; API; package	P4-T-EXCLUDE-LOCAL-USER-DB	P7-PUBLIC-ZERO-SURFACE
P4-B066	P3-07-§10	SAVED_VIEWS LOCAL_ONLY manager codec persistence API	PUBLIC_EXCLUDE	No Saved views source consumer DOM route API storage key i18n catalog symbol compiled bundle or package artifact; retain only shared FilterSchema ordinary filtering.	The user explicitly approved Saved views only for the local package.	public feature graph; React build; API; artifact audit	P4-T-EXCLUDE-SAVED-VIEWS	P7-PUBLIC-ZERO-SURFACE
P4-B067	P3-07-§11.2	PERSISTENCE LOCAL_ONLY durable episode watch history	PUBLIC_EXCLUDE	No durable public user history schema API route page or package surface; current-page alerts remain ephemeral under P4-B047.	Persistent history is local-only and public has no user identity.	public storage; API; UI; artifact	P4-T-EXCLUDE-PERSISTENT-HISTORY	P7-PUBLIC-ZERO-SURFACE
P4-B068	P3-07-§11.3	RESET LOCAL_ONLY reset local user data	PUBLIC_EXCLUDE	No public Reset-user-data operation confirmation token API route or destructive storage behavior; a new page naturally starts default current state.	There is no public durable user data to reset and exposing a destructive route would be unsafe.	public API; settings UI; route and bundle audit	P4-T-EXCLUDE-LOCAL-RESET	P7-PUBLIC-ZERO-SURFACE
P4-B069	P3-07-§12.1-§12.2	LOCAL_ONLY configurable Catalog and Open intervals	PUBLIC_EXCLUDE	No public controls API parameters config persisted preferences or URL keys for ordinary users to change fixed 10-minute Catalog 30-second Open or 10-second watched-target policy.	Public cadence is centrally fixed and evidence-bound.	public UI; API; config schema	P4-T-EXCLUDE-USER-INTERVAL-CONFIG	P7-PUBLIC-ZERO-SURFACE;P7-PUBLIC-RUNTIME
P4-B070	P3-23a-§6	LOCAL_ONLY run counters	PUBLIC_EXCLUDE	Do not expose or store a per-browser or local-process run counter; public exposes only service-wide Rutgers-day attempted succeeded failed empty counters.	Run counters belong to the local install lifecycle.	status API; metrics UI	P4-T-EXCLUDE-LOCAL-RUN-COUNTERS	P7-PUBLIC-ZERO-SURFACE;P7-PUBLIC-RUNTIME
P4-B071	P3-07-§8;§12	LOCAL_ONLY immediate upstream refresh action	PUBLIC_EXCLUDE	No ordinary public UI button or API route that schedules an immediate Catalog or Open upstream request; operator diagnostics may inspect state but cannot be reachable as a public user capability.	Visitor actions cannot amplify or bypass scheduler backoff and circuits.	public API allowlist; React UI; route audit	P4-T-EXCLUDE-MANUAL-UPSTREAM-REFRESH	P7-PUBLIC-ZERO-SURFACE;P7-PUBLIC-RUNTIME
P4-B072	P3-07-§13;P6-REVIEW-LOCAL-STORAGE-AMENDMENT-001	LOCAL_ONLY Windows package documentation and assets	PUBLIC_EXCLUDE	Exclude BAT local README package-root data/rbcsp.sqlite layout local writable-directory troubleshooting upgrade-preserves-data guidance and Windows archive manifest from the Linux public package; shared product help may be reused only after public adaptation.	The final deliverables are exactly two packages with distinct storage roots and operational instructions.	public package allowlist; docs audit	P4-T-EXCLUDE-LOCAL-PACKAGE-ASSETS	P7-PUBLIC-PACKAGE;P7-PUBLIC-ZERO-SURFACE
P4-B073	P2-04-ONLY-009-010	PUBLIC_RUNTIME Node Fastify npm Vite-dev runtime	PUBLIC_EXCLUDE	Do not require Node npm native rebuild Vite dev server or Fastify at public runtime; only compiled React assets and Rust server enter the public package.	The shared target runtime is Rust and the package must be reproducible and minimal.	public dependency graph; package audit	P4-T-EXCLUDE-NODE-RUNTIME	P7-PUBLIC-PACKAGE;P7-PUBLIC-ZERO-SURFACE
P4-B074	workflow-§17.4;P6-REVIEW-LOCAL-STORAGE-AMENDMENT-001	PUBLIC_PACKAGE Linux deployment package	PUBLIC_MODIFY	Produce one Linux public package containing bcsp-server compiled UI public-compatible schema migrations systemd and Caddy templates checksums and public operations docs; it contains no database WAL SHM seed fixture or real Catalog/Open data, and first start creates /var/lib/bcsp/rbcsp.sqlite as schema-only operational state.	This is one of exactly two final products; runtime state is created outside the archive and deployment result is not a third package.	public build and artifact manifest	P4-T-PUBLIC-PACKAGE-MANIFEST	P7-PUBLIC-PACKAGE
P4-B075	workflow-§17.4;§18	PUBLIC_PACKAGE deployment authorization boundary	PUBLIC_MODIFY	P4 and P7 plan and build the package only; no real server DNS TLS Cloudflare GitHub Release or production mutation occurs without the later explicit authorization gate.	Planning and artifact production do not authorize external state changes.	governance gate; operations docs; release workflow	P4-T-NO-PRODUCTION-MUTATION	P7-PUBLIC-OPS;P7-PUBLIC-PACKAGE
P4-B076	P2-04-ONLY-018-019;P3-09-§5;P6-REVIEW-LOCAL-STORAGE-AMENDMENT-001	PUBLIC_PACKAGE evidence tools runtime residue secrets and data	PUBLIC_EXCLUDE	Exclude raw evidence governance reports notebooks tests probes source maps secrets private inventory every database or DB sample WAL SHM seed fixture real or cached Catalog/Open content logs checkpoints runtime config and old archives through a positive package allowlist and secret content audit.	Research, upstream data, and runtime state are not public product assets; final archives must be data-empty.	public artifact builder; secret and data scan; manifest diff	P4-T-PUBLIC-ARTIFACT-HYGIENE	P7-PUBLIC-PACKAGE;P7-PUBLIC-ZERO-SURFACE
