trace_id	source_phase	source_artifact	source_requirement	kind	p7_task_ids	verification_ids	package_impact	risk_ids	status
P6-X-P3-001	P3	p3/07-local-oneclick-implementation-plan.md	EXHAUSTIVE_CAPABILITY_SET sections 3-14 including shared architecture Catalog/query/API/UI/local state/Open/watch/audio and executable-anchored package-relative single-DB Windows package; source SHA256 26B6805284E50639F91FD6523365FD8C0A9607353A0EF6B99D20B6E8910AA634	CAPABILITY	P7.1-003;P7.1-004;P7.1-005;P7.1-006;P7.1-007;P7.1-008;P7.1-009;P7.1-010;P7.1-011;P7.1-015;P7.2-001;P7.2-002;P7.2-003;P7.2-004;P7.5-002	P7-V-P3-LOCAL-CAPABILITY-CLOSURE	WINDOWS_LOCAL_RELEASE_ARCHIVE	P6-D001;P6-D002;P6-D003;P6-D005;P6-D017;P6-D019	MAPPED
P6-X-P3-002	P3	p3/08-p3-traceability-matrix.tsv	EXHAUSTIVE_ALL_384_TRACE_ROWS mapped as a closed rowset; no row is selectively omitted; source SHA256 234D2C8091B126CC594D6EA406AB9214339FD62FDC0348CDF60D360F434971EE	CAPABILITY	P7.1-004;P7.1-005;P7.1-006;P7.1-007;P7.1-008;P7.1-009;P7.1-010;P7.1-011;P7.1-015;P7.2-002;P7.2-003;P7.2-004	P7-V-P3-TRACE-384-ROWSET	WINDOWS_LOCAL_RELEASE_ARCHIVE;BOTH_TARGETS_SHARED_CORE	P6-D042	MAPPED
P6-X-P3-003	P3	p3/07-local-oneclick-implementation-plan.md sections 15 and 18	EXHAUSTIVE_P3_LOCAL_TEST_SET domain/storage/API/React/Open/artifact/security/clean-machine plus freeze conditions	TEST_OR_VERIFICATION	P7.1-004;P7.1-005;P7.1-006;P7.1-007;P7.1-008;P7.1-009;P7.1-010;P7.1-011;P7.1-013;P7.1-015;P7.2-004;P7.4-001;P7.4-002;P7.4-004;P7.4-005;P7.5-001;P7.5-002;P7.5-005	P7-V-P3-LOCAL-ALL-TESTS	WINDOWS_LOCAL_RELEASE_ARCHIVE	P6-D015;P6-D016;P6-D023;P6-D024;P6-D025	MAPPED
P6-X-P3-004	P3	p3/23a-shared-open-final-contract.md section 9; p3/23b-shared-open-final-contract.json	EXHAUSTIVE_OPEN_FAKE_UPSTREAM_TESTS and machine contract; source SHA256 73031DD718A346D659214D6BE4C571D505836098DE42879E8861349CBD73887E and 9BFE6712E959C39B6719E7A47F7F96E33AAC5BD20A8CFEF51320C0E2A0C77804	TEST_OR_VERIFICATION	P7.1-005;P7.1-007;P7.1-008;P7.1-010;P7.1-012;P7.1-015;P7.4-001	P7-V-P3-OPEN-FAKE-UPSTREAM-ALL	BOTH_TARGETS_SHARED_CORE	P6-D002;P6-D003;P6-D005;P6-D011	MAPPED
P6-X-P3-005	P3	p3/07-local-oneclick-implementation-plan.md section 17; p3/23a-shared-open-final-contract.md sections 3-8	EXHAUSTIVE_P3_STOP_AND_RUNTIME_RISKS including evidence contradiction unsafe empty/zero Catalog race LKG staleness lag overload retention audio package leakage and bounded-live preconditions	RISK	P7.1-001;P7.1-005;P7.1-007;P7.1-008;P7.1-010;P7.1-013;P7.1-015;P7.4-001;P7.4-004;P7.5-001;P7.5-002;P7.5-005	P7-V-P3-RISK-STOP-CONDITIONS	BOTH_TARGETS	P6-D003;P6-D005;P6-D007;P6-D011;P6-D042	MAPPED
P6-X-P3-006	P3	p3/00-p3-charter-and-preflight.md through p3/06-section-identity-ingest-query-evidence.md; p3/notebooks; p3/reports	EXHAUSTIVE_CATALOG_EVIDENCE_ARTIFACT_FAMILY preserved as implementation fixtures/provenance only and excluded from release payloads	ARTIFACT_OR_PACKAGE	P7.1-004;P7.1-005;P7.1-006;P7.1-013;P7.4-001;P7.4-004	P7-V-P3-CATALOG-EVIDENCE-PROVENANCE	NO_RAW_EVIDENCE_IN_EITHER_PACKAGE	P6-D005;P6-D009;P6-D042	MAPPED
P6-X-P3-007	P3	p3/10-open-request-manifest.md through p3/23b-shared-open-final-contract.json	EXHAUSTIVE_OPEN_EVIDENCE_DECISION_ARTIFACT_FAMILY including two-round ledger/profile/completion/decision/final contract; runtime consumes frozen semantics but packages exclude raw evidence	ARTIFACT_OR_PACKAGE	P7.1-007;P7.1-008;P7.1-013;P7.4-001;P7.4-004	P7-V-P3-OPEN-EVIDENCE-PROVENANCE	NO_RAW_EVIDENCE_IN_EITHER_PACKAGE	P6-D003;P6-D009;P6-D042	MAPPED
P6-X-P3-008	P3	p3/09-p3-validation-and-freeze-gate.md	P3_PASS final gate and P6 Review storage amendment handoff; source SHA256 7CCB3CB067781961A17E7910D150325CC34B9390CEFEAE18E4F25A4E48CD9851	ARTIFACT_OR_PACKAGE	P7.1-001;P7.1-015;P7.4-001;P7.4-005;P7.5-001	P7-V-P3-GATE-PASS	BOTH_TARGETS	P6-D042	MAPPED
P6-X-P3-009	P3	p3/07-local-oneclick-implementation-plan.md section 13	WINDOWS_LOCAL_RELEASE_ARCHIVE package-relative single-DB content allowlist launcher lifecycle no-preloaded-data deterministic and real clean-machine acceptance; exactly one of two final packages	ARTIFACT_OR_PACKAGE	P7.1-010;P7.1-011;P7.1-013;P7.2-004;P7.4-002;P7.4-004;P7.4-005;P7.5-001;P7.5-002;P7.5-005	P7-V-P3-WINDOWS-PACKAGE	WINDOWS_LOCAL_RELEASE_ARCHIVE	P6-D005;P6-D012;P6-D013;P6-D026;P6-D027;P6-D032;P6-D039;P6-D040	MAPPED
P6-X-P4-001	P4	p4/01-public-baseline-delta-matrix.tsv	EXHAUSTIVE_ALL_76_CAPABILITY_ROWS with 46 INHERIT_SHARED 19 PUBLIC_MODIFY 11 PUBLIC_EXCLUDE; source SHA256 70DE2D625C04E955E1947FFD2F6438E1B996340CCBA4994ADA2D633316CB5EB0	CAPABILITY	P7.1-003;P7.1-004;P7.1-005;P7.1-006;P7.1-007;P7.1-008;P7.1-009;P7.1-012;P7.1-013;P7.1-014;P7.1-015;P7.2-002;P7.2-003;P7.2-004;P7.5-003;P7.5-004	P7-V-P4-DELTA-76-ROWSET	LINUX_PUBLIC_DEPLOYMENT_PACKAGE	P6-D001;P6-D002;P6-D003;P6-D005;P6-D017;P6-D019;P6-D042	MAPPED
P6-X-P4-002	P4	p4/02-public-runtime-session-capability-contract.md	EXHAUSTIVE_PUBLIC_SESSION_CAPABILITIES top-level document defaults locale ephemeral filter/selection/audio/watch/history and zero Saved views	CAPABILITY	P7.1-008;P7.1-009;P7.1-012;P7.1-013;P7.2-003;P7.2-004	P7-V-P4-PUBLIC-SESSION	LINUX_PUBLIC_DEPLOYMENT_PACKAGE	P6-D017;P6-D018;P6-D019;P6-D042	MAPPED
P6-X-P4-003	P4	p4/03-public-refresh-capacity-degradation-plan.md	EXHAUSTIVE_PUBLIC_REFRESH_CAPABILITIES fixed clocks shared limiter EDF partial commits counters retention fanout and truthful degradation	CAPABILITY	P7.1-005;P7.1-007;P7.1-008;P7.1-012;P7.1-015;P7.2-003	P7-V-P4-PUBLIC-REFRESH-CAPACITY	LINUX_PUBLIC_DEPLOYMENT_PACKAGE	P6-D002;P6-D003;P6-D005;P6-D007;P6-D011	MAPPED
P6-X-P4-004	P4	p4/06-p4-traceability-matrix.tsv	EXHAUSTIVE_ALL_258_TRACE_AND_VERIFICATION_ROWS mapped as a closed rowset; source SHA256 F5E5BC153D5E1FF0F39FCE0BFAC373970D2960CE6352A939D5EBDC0B7EBA3AD1	TEST_OR_VERIFICATION	P7.1-003;P7.1-004;P7.1-005;P7.1-006;P7.1-007;P7.1-008;P7.1-009;P7.1-012;P7.1-013;P7.1-014;P7.1-015;P7.2-004;P7.4-001;P7.4-003;P7.4-004	P7-V-P4-TRACE-258-ROWSET	LINUX_PUBLIC_DEPLOYMENT_PACKAGE	P6-D042	MAPPED
P6-X-P4-005	P4	p4/05-public-capability-deny-audit.tsv	EXHAUSTIVE_ALL_144_PUBLIC_ZERO_SURFACE_ASSERTIONS across source DOM route API storage i18n bundle and package; source SHA256 AB9F58D1B67A42924E09413120C67911BF0A5B6F75595FFB70A00C17947CA622	TEST_OR_VERIFICATION	P7.1-003;P7.1-013;P7.1-015;P7.2-004;P7.3-003;P7.4-001;P7.4-003;P7.4-004;P7.5-003;P7.5-004;P7.5-005	P7-V-P4-ZERO-SURFACE-144-ROWSET	LINUX_PUBLIC_DEPLOYMENT_PACKAGE	P6-D018;P6-D019;P6-D020;P6-D036;P6-D037;P6-D041	MAPPED
P6-X-P4-006	P4	p4/03-public-refresh-capacity-degradation-plan.md sections 6-9; p4/04-linux-package-and-operations-plan.md sections 9-13	EXHAUSTIVE_PUBLIC_CAPACITY_DEGRADATION_OPERATIONS_RISKS overload lag circuit stale retention backup restore rollback secret staging and authorization boundaries	RISK	P7.1-007;P7.1-008;P7.1-012;P7.1-014;P7.1-015;P7.4-001;P7.4-003;P7.4-005;P7.5-001;P7.5-003;P7.5-004;P7.5-005	P7-V-P4-CAPACITY-OPS-RISKS	LINUX_PUBLIC_DEPLOYMENT_PACKAGE	P6-D003;P6-D005;P6-D007;P6-D028;P6-D029;P6-D030	MAPPED
P6-X-P4-007	P4	p4/00-p4-charter-and-preflight.md	P4 scope/zero-side-effect charter frozen as public implementation authorization input only; source SHA256 B4E178CF1EBAE078250CEA1DAFA480169BD0A309BF72DFDFC75A2AD2B6A93647	RISK	P7.1-001;P7.1-003;P7.1-013;P7.1-014;P7.5-001;P7.5-004	P7-V-P4-SCOPE-BOUNDARY	LINUX_PUBLIC_DEPLOYMENT_PACKAGE	P6-D042	MAPPED
P6-X-P4-008	P4	p4/04-linux-package-and-operations-plan.md	LINUX_PUBLIC_DEPLOYMENT_PACKAGE allowlist external /var/lib/bcsp first-start operational-only storage systemd Caddy backup restore upgrade rollback and post-P7 production authorization boundary; source SHA256 71744604BA7C4CC7EC193A2CB8429BF7494412B9ED1613BA04E9C4AF2816CB90	ARTIFACT_OR_PACKAGE	P7.1-012;P7.1-013;P7.1-014;P7.4-003;P7.4-004;P7.4-005;P7.5-001;P7.5-003;P7.5-004;P7.5-005	P7-V-P4-LINUX-PACKAGE	LINUX_PUBLIC_DEPLOYMENT_PACKAGE	P6-D027;P6-D028;P6-D029;P6-D030	MAPPED
P6-X-P4-009	P4	p4/07-p4-validation-gate.md; p4/07a-p4-validation-gate.json	P4_PASS final gate plus machine record; source SHA256 3DF1C43EB15CDBDA4970A4D61E2B48AA474C4EC31E875001923B36D6B18BE650 and A879B1988A2121344585C8B1D83992FDF5ADE805A0C3816722055A77D8EFEADD	ARTIFACT_OR_PACKAGE	P7.1-001;P7.1-015;P7.4-001;P7.4-005;P7.5-001;P7.5-005	P7-V-P4-GATE-PASS	LINUX_PUBLIC_DEPLOYMENT_PACKAGE	P6-D042	MAPPED
P6-X-P5-001	P5	p5/01-shared-local-public-capability-matrix.tsv	EXHAUSTIVE_ALL_76_CAPABILITY_ROWS with unique semantic owners and SHARED LOCAL_ONLY PUBLIC_ONLY EXCLUDED classifications; source SHA256 4CDCC23CA05E87B19EF5776750CF8FAF995E8C894B595900875851B535F00509	CAPABILITY	P7.1-003;P7.1-004;P7.1-005;P7.1-006;P7.1-007;P7.1-008;P7.1-009;P7.1-010;P7.1-011;P7.1-012;P7.1-013;P7.1-014;P7.1-015;P7.2-004;P7.5-001;P7.5-002;P7.5-003;P7.5-004;P7.5-005	P7-V-P5-CAPABILITY-76-ROWSET	WINDOWS_LOCAL_RELEASE_ARCHIVE;LINUX_PUBLIC_DEPLOYMENT_PACKAGE	P6-D042	MAPPED
P6-X-P5-002	P5	p5/02-adapter-entrypoint-config-boundaries.md	EXHAUSTIVE_MODULE_PORT_PROVIDER_CAPABILITY_MANIFEST_CONFIG_FEATURE_ROUTER_SCHEMA_AND_SINGLE_PHYSICAL_DATABASE_BOUNDARIES	CAPABILITY	P7.1-003;P7.1-004;P7.1-010;P7.1-012;P7.1-013;P7.1-015;P7.5-002;P7.5-003;P7.5-004	P7-V-P5-ADAPTER-GRAPH	WINDOWS_LOCAL_RELEASE_ARCHIVE;LINUX_PUBLIC_DEPLOYMENT_PACKAGE	P6-D001;P6-D002;P6-D017;P6-D018;P6-D042	MAPPED
P6-X-P5-003	P5	p5/03-ui-capability-and-build-exclusion-contract.md	EXHAUSTIVE_SHARED_REACT_FILTERSCHEMA_TARGET_COMPOSITION_AND_EIGHT_LAYER_PUBLIC_EXCLUSION_CAPABILITIES	CAPABILITY	P7.1-003;P7.1-009;P7.1-013;P7.2-001;P7.2-002;P7.2-003;P7.2-004;P7.3-001;P7.3-002;P7.3-003	P7-V-P5-UI-COMPOSITION	WINDOWS_LOCAL_RELEASE_ARCHIVE;LINUX_PUBLIC_DEPLOYMENT_PACKAGE	P6-D017;P6-D018;P6-D019;P6-D020;P6-D021;P6-D022	MAPPED
P6-X-P5-004	P5	p5/04-test-reuse-and-variant-matrix.tsv	EXHAUSTIVE_ALL_106_TEST_ROWS including shared-on-both local-only public-only exclusion build and package assertions; source SHA256 FB09CBA8F17AAE45DF9303ED7B7EFC202044B1B356C2DBD96A706658D0CEE3DD	TEST_OR_VERIFICATION	P7.1-004;P7.1-005;P7.1-006;P7.1-007;P7.1-008;P7.1-009;P7.1-010;P7.1-011;P7.1-012;P7.1-013;P7.1-014;P7.1-015;P7.2-004;P7.3-003;P7.4-001;P7.4-002;P7.4-003;P7.4-004;P7.4-005;P7.5-001;P7.5-002;P7.5-003;P7.5-004;P7.5-005	P7-V-P5-TEST-106-ROWSET	WINDOWS_LOCAL_RELEASE_ARCHIVE;LINUX_PUBLIC_DEPLOYMENT_PACKAGE	P6-D015;P6-D016;P6-D023;P6-D024;P6-D025	MAPPED
P6-X-P5-005	P5	p5/06-p5-traceability-matrix.tsv	EXHAUSTIVE_ALL_194_TRACE_ROWS with nonempty P6 handoff and gate; source SHA256 5128DE0B7E0F4C25F5A4CCCAAF011E7C4C3E7C3E2143B88FFD90BA3A7938C991	TEST_OR_VERIFICATION	P7.1-003;P7.1-004;P7.1-005;P7.1-006;P7.1-007;P7.1-008;P7.1-009;P7.1-010;P7.1-011;P7.1-012;P7.1-013;P7.1-014;P7.1-015;P7.2-004;P7.4-001;P7.4-004;P7.5-001;P7.5-002;P7.5-003;P7.5-004;P7.5-005	P7-V-P5-TRACE-194-ROWSET	WINDOWS_LOCAL_RELEASE_ARCHIVE;LINUX_PUBLIC_DEPLOYMENT_PACKAGE	P6-D042	MAPPED
P6-X-P5-006	P5	p5/05-conflict-and-leakage-ledger.tsv	EXHAUSTIVE_ALL_12_CONFLICT_AND_LEAKAGE_RISKS covering semantic conflict code fork source/route/API/storage/i18n/bundle/package leakage state ownership Open policy staging and deployment authority; source SHA256 21E61F4CD7317C2873D7C19BDFDEF262561130358CB06818B16CA697F8CDF2D6	RISK	P7.1-003;P7.1-004;P7.1-006;P7.1-007;P7.1-009;P7.1-010;P7.1-011;P7.1-012;P7.1-013;P7.1-014;P7.1-015;P7.2-004;P7.4-001;P7.4-004;P7.4-005;P7.5-001;P7.5-002;P7.5-003;P7.5-004;P7.5-005	P7-V-P5-RISK-12-ROWSET	WINDOWS_LOCAL_RELEASE_ARCHIVE;LINUX_PUBLIC_DEPLOYMENT_PACKAGE	P6-D036;P6-D037;P6-D038;P6-D039;P6-D040;P6-D041;P6-D042	MAPPED
P6-X-P5-007	P5	p5/02-adapter-entrypoint-config-boundaries.md sections 5-8; p5/03-ui-capability-and-build-exclusion-contract.md sections 5-9	EXHAUSTIVE_FEATURE_UNIFICATION_TARGET_IMPORT_BUNDLE_SCHEMA_AND_CONFIG_RISKS with fail-closed build rules	RISK	P7.1-002;P7.1-003;P7.1-013;P7.1-015;P7.2-004;P7.3-003;P7.4-001;P7.4-004	P7-V-P5-BUILD-LEAKAGE-RISKS	WINDOWS_LOCAL_RELEASE_ARCHIVE;LINUX_PUBLIC_DEPLOYMENT_PACKAGE	P6-D018;P6-D019;P6-D020;P6-D021;P6-D031;P6-D042	MAPPED
P6-X-P5-008	P5	p5/00-p5-charter-and-preflight.md; p5/07-p5-validation-gate.md; p5/07a-p5-validation-gate.json	P5 single-shared-baseline artifact family and P5_PASS final machine gate; source SHA256 93137019459770307398C786841CD12F14C14D1116C732BA265C2A9EF98CE867 BB5814D75011D9D6897F0540995CAF432B582A469F6212002264D384FA325985 E5669F65601D68F2BD9B500D1888A922F2D875CE874DDCE7C8CE8C7C664D43CA	ARTIFACT_OR_PACKAGE	P7.1-001;P7.1-003;P7.1-015;P7.4-001;P7.4-004;P7.4-005;P7.5-001;P7.5-005	P7-V-P5-GATE-PASS	WINDOWS_LOCAL_RELEASE_ARCHIVE;LINUX_PUBLIC_DEPLOYMENT_PACKAGE	P6-D042	MAPPED
P6-X-P5-009	P5	p5/01-shared-local-public-capability-matrix.tsv package rows P5-C064 P5-C072 P5-C074 P5-C076	EXHAUSTIVE_TWO_PACKAGE_ARTIFACT_BOUNDARY Windows package-relative single DB Linux external state and both archives zero DB seed real Catalog/Open evidence tool secret or runtime residue	ARTIFACT_OR_PACKAGE	P7.1-010;P7.1-012;P7.1-013;P7.1-014;P7.4-002;P7.4-003;P7.4-004;P7.4-005;P7.5-001;P7.5-002;P7.5-003;P7.5-004;P7.5-005	P7-V-P5-TWO-PACKAGE-BOUNDARY	WINDOWS_LOCAL_RELEASE_ARCHIVE;LINUX_PUBLIC_DEPLOYMENT_PACKAGE	P6-D026;P6-D027;P6-D028;P6-D029;P6-D030;P6-D039;P6-D040	MAPPED
