path	parent_rows	key_present	key_present_rate	non_null	non_null_rate	non_empty	non_empty_rate	types	scope_count
course.campusCode	10629	10629	1.0	10629	1.0	10629	1.0	"{""string"":10629}"	17
course.campusLocations	10629	10629	1.0	10629	1.0	10629	1.0	"{""array"":10629}"	17
course.coreCodes	10629	10629	1.0	10629	1.0	2686	0.25270486	"{""array"":10629}"	17
course.courseDescription	10629	10629	1.0	10629	1.0	0	0.0	"{""string"":10629}"	17
course.courseFee	10629	10629	1.0	10629	1.0	10629	1.0	"{""string"":10629}"	17
course.courseFeeDescr	10629	10629	1.0	10460	0.9841001	295	0.02775426	"{""null"":169,""string"":10460}"	17
course.courseNotes	10629	10629	1.0	10629	1.0	335	0.03151755	"{""string"":10629}"	17
course.courseNumber	10629	10629	1.0	10629	1.0	10629	1.0	"{""string"":10629}"	17
course.courseString	10629	10629	1.0	10629	1.0	10629	1.0	"{""string"":10629}"	17
course.credits	10629	10629	1.0	9586	0.90187224	9586	0.90187224	"{""integer"":9444,""null"":1043,""number"":142}"	17
course.creditsObject	10629	10629	1.0	10629	1.0	10629	1.0	"{""object"":10629}"	17
course.expandedTitle	10629	10629	1.0	10629	1.0	7465	0.70232383	"{""string"":10629}"	17
course.level	10629	10629	1.0	10629	1.0	10629	1.0	"{""string"":10629}"	17
course.mainCampus	10629	10629	1.0	10629	1.0	10629	1.0	"{""string"":10629}"	17
course.offeringUnitCode	10629	10629	1.0	10629	1.0	10629	1.0	"{""string"":10629}"	17
course.offeringUnitTitle	10629	10629	1.0	0	0.0	0	0.0	"{""null"":10629}"	17
course.openSections	10629	10629	1.0	10629	1.0	10629	1.0	"{""integer"":10629}"	17
course.preReqNotes	10629	10629	1.0	10629	1.0	3056	0.28751529	"{""string"":10629}"	17
course.school	10629	10629	1.0	10629	1.0	10629	1.0	"{""object"":10629}"	17
course.sections	10629	10629	1.0	10629	1.0	10629	1.0	"{""array"":10629}"	17
course.subject	10629	10629	1.0	10629	1.0	10629	1.0	"{""string"":10629}"	17
course.subjectDescription	10629	10629	1.0	10629	1.0	10629	1.0	"{""string"":10629}"	17
course.subjectGroupNotes	10629	10629	1.0	10629	1.0	0	0.0	"{""string"":10629}"	17
course.subjectNotes	10629	10629	1.0	10629	1.0	567	0.05334462	"{""string"":10629}"	17
course.supplementCode	10629	10629	1.0	10629	1.0	248	0.02333239	"{""string"":10629}"	17
course.synopsisUrl	10629	10629	1.0	10629	1.0	5879	0.55310942	"{""string"":10629}"	17
course.title	10629	10629	1.0	10629	1.0	10629	1.0	"{""string"":10629}"	17
course.unitNotes	10629	10629	1.0	10629	1.0	203	0.01909869	"{""string"":10629}"	17
instructor.name	19202	19202	1.0	19202	1.0	19202	1.0	"{""string"":19202}"	16
meeting.baClassHours	30804	30804	1.0	30804	1.0	12864	0.4176081	"{""string"":30804}"	17
meeting.buildingCode	30804	30804	1.0	30804	1.0	15916	0.51668614	"{""string"":30804}"	17
meeting.campusAbbrev	30804	30804	1.0	30804	1.0	26235	0.85167511	"{""string"":30804}"	17
meeting.campusLocation	30804	30804	1.0	30804	1.0	26235	0.85167511	"{""string"":30804}"	17
meeting.campusName	30804	30804	1.0	30804	1.0	26235	0.85167511	"{""string"":30804}"	17
meeting.endTime	30804	30804	1.0	30804	1.0	17941	0.58242436	"{""string"":30804}"	17
meeting.endTimeMilitary	30804	30804	1.0	30804	1.0	17941	0.58242436	"{""string"":30804}"	17
meeting.meetingDay	30804	30804	1.0	30804	1.0	17941	0.58242436	"{""string"":30804}"	17
meeting.meetingModeCode	30804	30804	1.0	30804	1.0	30804	1.0	"{""string"":30804}"	17
meeting.meetingModeDesc	30804	30804	1.0	30804	1.0	30804	1.0	"{""string"":30804}"	17
meeting.pmCode	30804	30804	1.0	30804	1.0	17941	0.58242436	"{""string"":30804}"	17
meeting.roomNumber	30804	30804	1.0	30804	1.0	15916	0.51668614	"{""string"":30804}"	17
meeting.startTime	30804	30804	1.0	30804	1.0	17941	0.58242436	"{""string"":30804}"	17
meeting.startTimeMilitary	30804	30804	1.0	30804	1.0	17941	0.58242436	"{""string"":30804}"	17
section.campusCode	22069	22069	1.0	22069	1.0	22069	1.0	"{""string"":22069}"	17
section.comments	22069	22069	1.0	22069	1.0	12210	0.55326476	"{""array"":22069}"	17
section.commentsText	22069	22069	1.0	22069	1.0	12210	0.55326476	"{""string"":22069}"	17
section.crossListedSectionType	22069	22069	1.0	22068	0.99995469	22068	0.99995469	"{""null"":1,""string"":22068}"	17
section.crossListedSections	22069	22069	1.0	22069	1.0	1762	0.0798405	"{""array"":22069}"	17
section.crossListedSectionsText	22069	22069	1.0	22069	1.0	1762	0.0798405	"{""string"":22069}"	17
section.examCode	22069	22069	1.0	22069	1.0	22069	1.0	"{""string"":22069}"	17
section.examCodeText	22069	22069	1.0	22069	1.0	22069	1.0	"{""string"":22069}"	17
section.finalExam	22069	22069	1.0	0	0.0	0	0.0	"{""null"":22069}"	17
section.honorPrograms	22069	22069	1.0	22069	1.0	186	0.00842811	"{""array"":22069}"	17
section.index	22069	22069	1.0	22069	1.0	22069	1.0	"{""string"":22069}"	17
section.instructors	22069	22069	1.0	22069	1.0	18425	0.83488151	"{""array"":22069}"	17
section.instructorsText	22069	22069	1.0	22069	1.0	18425	0.83488151	"{""string"":22069}"	17
section.legendKey	22069	22069	1.0	1	4.531e-05	1	4.531e-05	"{""null"":22068,""string"":1}"	17
section.majors	22069	22069	1.0	22069	1.0	4978	0.22556527	"{""array"":22069}"	17
section.meetingTimes	22069	22069	1.0	22069	1.0	22069	1.0	"{""array"":22069}"	17
section.minors	22069	22069	1.0	22069	1.0	371	0.01681091	"{""array"":22069}"	17
section.number	22069	22069	1.0	22069	1.0	22069	1.0	"{""string"":22069}"	17
section.openStatus	22069	22069	1.0	22069	1.0	22069	1.0	"{""boolean"":22069}"	17
section.openStatusText	22069	22069	1.0	22069	1.0	22069	1.0	"{""string"":22069}"	17
section.openToText	22069	22069	1.0	22069	1.0	7555	0.3423354	"{""string"":22069}"	17
section.printed	22069	22069	1.0	22069	1.0	22069	1.0	"{""string"":22069}"	17
section.sectionCampusLocations	22069	22069	1.0	22069	1.0	22069	1.0	"{""array"":22069}"	17
section.sectionCourseType	22069	22069	1.0	22069	1.0	22069	1.0	"{""string"":22069}"	17
section.sectionEligibility	22069	22069	1.0	22069	1.0	1690	0.07657801	"{""string"":22069}"	17
section.sectionNotes	22069	22069	1.0	22069	1.0	6970	0.31582763	"{""string"":22069}"	17
section.sessionDatePrintIndicator	22069	22069	1.0	22069	1.0	22069	1.0	"{""string"":22069}"	17
section.sessionDates	22069	22069	1.0	3782	0.17137161	3782	0.17137161	"{""null"":18287,""string"":3782}"	17
section.specialPermissionAddCode	22069	22069	1.0	5159	0.23376682	5159	0.23376682	"{""null"":16910,""string"":5159}"	17
section.specialPermissionAddCodeDescription	22069	22069	1.0	5159	0.23376682	5159	0.23376682	"{""null"":16910,""string"":5159}"	17
section.specialPermissionDropCode	22069	22069	1.0	1160	0.05256242	1160	0.05256242	"{""null"":20909,""string"":1160}"	17
section.specialPermissionDropCodeDescription	22069	22069	1.0	1160	0.05256242	1160	0.05256242	"{""null"":20909,""string"":1160}"	17
section.subtitle	22069	22069	1.0	22069	1.0	1706	0.077303	"{""string"":22069}"	17
section.subtopic	22069	22069	1.0	22069	1.0	2	9.062e-05	"{""string"":22069}"	17
section.unitMajors	22069	22069	1.0	22069	1.0	2621	0.11876388	"{""array"":22069}"	17
