request_id	round	round_ordinal	term_id	year	term	campus	url	started_at_utc	completed_at_utc	http_status	duration_ms	bytes	decoded_bytes	content_type	content_encoding	response_date	etag	last_modified	cache_control	age	retry_after	wire_sha256	body_sha256	top_level_rows	root_value_types	string_count	numeric_count	duplicate_raw_values	unique_string_values	outcome	error_class	raw_relative_path	notes
OPEN-R1-001	1	1	92026	2026	9	NB	https://classes.rutgers.edu/soc/api/openSections.json?year=2026&term=9&campus=NB	2026-07-13T03:01:58.617191Z	2026-07-13T03:02:00.023052Z	200	1392.583	29829	101161	application/json	gzip	Mon, 13 Jul 2026 03:01:59 GMT	977967432		max-age=30			2AB0DD8834D18942A6451583AAF21EB556C1E9332B1364E728FF7A33628C328E	4C1673CF5A06EE2DAB7ACA3160BBEAF247B0810B277C0116ACA6CA56F7FC715A	12645	"{""string"":12645}"	12645	0	0	12645	SUCCESS		data/staging/p3-rutgers-evidence-20260713/open/OPEN-R1-001_92026_NB_openSections.json	
OPEN-R1-002	1	2	92026	2026	9	NK	https://classes.rutgers.edu/soc/api/openSections.json?year=2026&term=9&campus=NK	2026-07-13T03:02:03.617701Z	2026-07-13T03:02:05.008700Z	200	1379.31	29829	101161	application/json	gzip	Mon, 13 Jul 2026 03:02:04 GMT	206600		max-age=30			2AB0DD8834D18942A6451583AAF21EB556C1E9332B1364E728FF7A33628C328E	4C1673CF5A06EE2DAB7ACA3160BBEAF247B0810B277C0116ACA6CA56F7FC715A	12645	"{""string"":12645}"	12645	0	0	12645	SUCCESS		data/staging/p3-rutgers-evidence-20260713/open/OPEN-R1-002_92026_NK_openSections.json	
OPEN-R1-003	1	3	92026	2026	9	CM	https://classes.rutgers.edu/soc/api/openSections.json?year=2026&term=9&campus=CM	2026-07-13T03:02:08.618213Z	2026-07-13T03:02:10.069220Z	200	1438.802	29829	101161	application/json	gzip	Mon, 13 Jul 2026 03:02:09 GMT	2006818613		max-age=30			2AB0DD8834D18942A6451583AAF21EB556C1E9332B1364E728FF7A33628C328E	4C1673CF5A06EE2DAB7ACA3160BBEAF247B0810B277C0116ACA6CA56F7FC715A	12645	"{""string"":12645}"	12645	0	0	12645	SUCCESS		data/staging/p3-rutgers-evidence-20260713/open/OPEN-R1-003_92026_CM_openSections.json	
OPEN-R1-004	1	4	92026	2026	9	ONLINE_NB	https://classes.rutgers.edu/soc/api/openSections.json?year=2026&term=9&campus=ONLINE_NB	2026-07-13T03:02:13.619030Z	2026-07-13T03:02:14.676985Z	200	1046.267	2352	8793	application/json	gzip	Mon, 13 Jul 2026 03:02:14 GMT	968726674		max-age=30			B9F7E73F8B8D613EBEE9937812E905B9D7A99C193ED87E414EA719D4665B14F7	BC4754A44C87A05CDD8D3191805B5E36660F581A520409A03FD0B8CF895FB166	1099	"{""string"":1099}"	1099	0	0	1099	SUCCESS		data/staging/p3-rutgers-evidence-20260713/open/OPEN-R1-004_92026_ONLINE_NB_openSections.json	
OPEN-R1-005	1	5	92026	2026	9	ONLINE_NK	https://classes.rutgers.edu/soc/api/openSections.json?year=2026&term=9&campus=ONLINE_NK	2026-07-13T03:02:18.619651Z	2026-07-13T03:02:19.663855Z	200	1032.51	2352	8793	application/json	gzip	Mon, 13 Jul 2026 03:02:19 GMT	1736893428		max-age=30			B9F7E73F8B8D613EBEE9937812E905B9D7A99C193ED87E414EA719D4665B14F7	BC4754A44C87A05CDD8D3191805B5E36660F581A520409A03FD0B8CF895FB166	1099	"{""string"":1099}"	1099	0	0	1099	SUCCESS		data/staging/p3-rutgers-evidence-20260713/open/OPEN-R1-005_92026_ONLINE_NK_openSections.json	
OPEN-R1-006	1	6	92026	2026	9	ONLINE_CM	https://classes.rutgers.edu/soc/api/openSections.json?year=2026&term=9&campus=ONLINE_CM	2026-07-13T03:02:46.105266Z	2026-07-13T03:02:47.189296Z	200	1071.027	2352	8793	application/json	gzip	Mon, 13 Jul 2026 03:02:47 GMT	2070943834		max-age=30			B9F7E73F8B8D613EBEE9937812E905B9D7A99C193ED87E414EA719D4665B14F7	BC4754A44C87A05CDD8D3191805B5E36660F581A520409A03FD0B8CF895FB166	1099	"{""string"":1099}"	1099	0	0	1099	SUCCESS		data/staging/p3-rutgers-evidence-20260713/open/OPEN-R1-006_92026_ONLINE_CM_openSections.json	
OPEN-R1-007	1	7	92026	2026	9	B	https://classes.rutgers.edu/soc/api/openSections.json?year=2026&term=9&campus=B	2026-07-13T03:02:51.106209Z	2026-07-13T03:02:52.472607Z	200	1349.8	29829	101161	application/json	gzip	Mon, 13 Jul 2026 03:02:52 GMT	1721511470		max-age=30			2AB0DD8834D18942A6451583AAF21EB556C1E9332B1364E728FF7A33628C328E	4C1673CF5A06EE2DAB7ACA3160BBEAF247B0810B277C0116ACA6CA56F7FC715A	12645	"{""string"":12645}"	12645	0	0	12645	SUCCESS		data/staging/p3-rutgers-evidence-20260713/open/OPEN-R1-007_92026_B_openSections.json	
OPEN-R1-008	1	8	92026	2026	9	CC	https://classes.rutgers.edu/soc/api/openSections.json?year=2026&term=9&campus=CC	2026-07-13T03:02:56.106879Z	2026-07-13T03:02:57.501297Z	200	1383.022	29829	101161	application/json	gzip	Mon, 13 Jul 2026 03:02:57 GMT	1568037659		max-age=30			2AB0DD8834D18942A6451583AAF21EB556C1E9332B1364E728FF7A33628C328E	4C1673CF5A06EE2DAB7ACA3160BBEAF247B0810B277C0116ACA6CA56F7FC715A	12645	"{""string"":12645}"	12645	0	0	12645	SUCCESS		data/staging/p3-rutgers-evidence-20260713/open/OPEN-R1-008_92026_CC_openSections.json	
OPEN-R1-009	1	9	92026	2026	9	H	https://classes.rutgers.edu/soc/api/openSections.json?year=2026&term=9&campus=H	2026-07-13T03:03:01.108276Z	2026-07-13T03:03:02.558740Z	200	1432.981	29829	101161	application/json	gzip	Mon, 13 Jul 2026 03:03:02 GMT	567499769		max-age=30			2AB0DD8834D18942A6451583AAF21EB556C1E9332B1364E728FF7A33628C328E	4C1673CF5A06EE2DAB7ACA3160BBEAF247B0810B277C0116ACA6CA56F7FC715A	12645	"{""string"":12645}"	12645	0	0	12645	SUCCESS		data/staging/p3-rutgers-evidence-20260713/open/OPEN-R1-009_92026_H_openSections.json	
OPEN-R1-010	1	10	92026	2026	9	CU	https://classes.rutgers.edu/soc/api/openSections.json?year=2026&term=9&campus=CU	2026-07-13T03:03:06.108813Z	2026-07-13T03:03:07.171150Z	200	1049.246	22	2	application/json	gzip	Mon, 13 Jul 2026 03:03:07 GMT	480231813		max-age=30			2E4F23DE4086A47E7D4F246638BBE838E34A17B8DE971D719F93EF940AD46F2C	4F53CDA18C2BAA0C0354BB5F9A3ECBE5ED12AB4D8E11BA873C2F11161202B945	0	{}	0	0	0	0	SUCCESS		data/staging/p3-rutgers-evidence-20260713/open/OPEN-R1-010_92026_CU_openSections.json	
OPEN-R1-011	1	11	92026	2026	9	MC	https://classes.rutgers.edu/soc/api/openSections.json?year=2026&term=9&campus=MC	2026-07-13T03:03:11.109356Z	2026-07-13T03:03:12.469120Z	200	1346.126	29829	101161	application/json	gzip	Mon, 13 Jul 2026 03:03:12 GMT	1102014200		max-age=30			2AB0DD8834D18942A6451583AAF21EB556C1E9332B1364E728FF7A33628C328E	4C1673CF5A06EE2DAB7ACA3160BBEAF247B0810B277C0116ACA6CA56F7FC715A	12645	"{""string"":12645}"	12645	0	0	12645	SUCCESS		data/staging/p3-rutgers-evidence-20260713/open/OPEN-R1-011_92026_MC_openSections.json	
OPEN-R1-012	1	12	92026	2026	9	L	https://classes.rutgers.edu/soc/api/openSections.json?year=2026&term=9&campus=L	2026-07-13T03:03:16.109680Z	2026-07-13T03:03:17.285640Z	200	1164.024	29829	101161	application/json	gzip	Mon, 13 Jul 2026 03:03:17 GMT	259635037		max-age=30			2AB0DD8834D18942A6451583AAF21EB556C1E9332B1364E728FF7A33628C328E	4C1673CF5A06EE2DAB7ACA3160BBEAF247B0810B277C0116ACA6CA56F7FC715A	12645	"{""string"":12645}"	12645	0	0	12645	SUCCESS		data/staging/p3-rutgers-evidence-20260713/open/OPEN-R1-012_92026_L_openSections.json	
OPEN-R1-013	1	13	92026	2026	9	AC	https://classes.rutgers.edu/soc/api/openSections.json?year=2026&term=9&campus=AC	2026-07-13T03:03:21.110583Z	2026-07-13T03:03:22.535912Z	200	1402.234	29829	101161	application/json	gzip	Mon, 13 Jul 2026 03:03:22 GMT	680247364		max-age=30			2AB0DD8834D18942A6451583AAF21EB556C1E9332B1364E728FF7A33628C328E	4C1673CF5A06EE2DAB7ACA3160BBEAF247B0810B277C0116ACA6CA56F7FC715A	12645	"{""string"":12645}"	12645	0	0	12645	SUCCESS		data/staging/p3-rutgers-evidence-20260713/open/OPEN-R1-013_92026_AC_openSections.json	
OPEN-R1-014	1	14	92026	2026	9	J	https://classes.rutgers.edu/soc/api/openSections.json?year=2026&term=9&campus=J	2026-07-13T03:03:26.111270Z	2026-07-13T03:03:27.332943Z	200	1209.069	29829	101161	application/json	gzip	Mon, 13 Jul 2026 03:03:27 GMT	1877958577		max-age=30			2AB0DD8834D18942A6451583AAF21EB556C1E9332B1364E728FF7A33628C328E	4C1673CF5A06EE2DAB7ACA3160BBEAF247B0810B277C0116ACA6CA56F7FC715A	12645	"{""string"":12645}"	12645	0	0	12645	SUCCESS		data/staging/p3-rutgers-evidence-20260713/open/OPEN-R1-014_92026_J_openSections.json	
OPEN-R1-015	1	15	72026	2026	7	NB	https://classes.rutgers.edu/soc/api/openSections.json?year=2026&term=7&campus=NB	2026-07-13T03:03:31.111727Z	2026-07-13T03:03:32.442174Z	200	1318.111	4615	16553	application/json	gzip	Mon, 13 Jul 2026 03:03:32 GMT	1312565701		max-age=30			4BE3605C7F8B924B479FCA0749936375CE51A9FE9A26DEF8E101B09D3195AF00	1814D0B9FD81FA7E72E4A4DE2E1EFE7702CC418DF30D18138D050087CF5A1608	2069	"{""string"":2069}"	2069	0	0	2069	SUCCESS		data/staging/p3-rutgers-evidence-20260713/open/OPEN-R1-015_72026_NB_openSections.json	
OPEN-R1-016	1	16	72026	2026	7	NK	https://classes.rutgers.edu/soc/api/openSections.json?year=2026&term=7&campus=NK	2026-07-13T03:03:36.112239Z	2026-07-13T03:03:37.255329Z	200	1129.744	4615	16553	application/json	gzip	Mon, 13 Jul 2026 03:03:37 GMT	2103931801		max-age=30			4BE3605C7F8B924B479FCA0749936375CE51A9FE9A26DEF8E101B09D3195AF00	1814D0B9FD81FA7E72E4A4DE2E1EFE7702CC418DF30D18138D050087CF5A1608	2069	"{""string"":2069}"	2069	0	0	2069	SUCCESS		data/staging/p3-rutgers-evidence-20260713/open/OPEN-R1-016_72026_NK_openSections.json	
OPEN-R1-017	1	17	72026	2026	7	CM	https://classes.rutgers.edu/soc/api/openSections.json?year=2026&term=7&campus=CM	2026-07-13T03:03:41.112865Z	2026-07-13T03:03:42.165886Z	200	1038.55	4615	16553	application/json	gzip	Mon, 13 Jul 2026 03:03:42 GMT	2020423910		max-age=30			4BE3605C7F8B924B479FCA0749936375CE51A9FE9A26DEF8E101B09D3195AF00	1814D0B9FD81FA7E72E4A4DE2E1EFE7702CC418DF30D18138D050087CF5A1608	2069	"{""string"":2069}"	2069	0	0	2069	SUCCESS		data/staging/p3-rutgers-evidence-20260713/open/OPEN-R1-017_72026_CM_openSections.json	
OPEN-R1-018	1	18	72026	2026	7	ONLINE_NB	https://classes.rutgers.edu/soc/api/openSections.json?year=2026&term=7&campus=ONLINE_NB	2026-07-13T03:03:46.114541Z	2026-07-13T03:03:47.223616Z	200	1088.903	1791	6633	application/json	gzip	Mon, 13 Jul 2026 03:03:47 GMT	1006158740		max-age=30			B9813EF25B8A66F14B576AD07272CBEEB0F30560CE61439466758DC9C67AD500	366CBAE112B2918EC2AAE35C7E2C7EBB8FFCA0A2055A9582BDE844110B5A9201	829	"{""string"":829}"	829	0	0	829	SUCCESS		data/staging/p3-rutgers-evidence-20260713/open/OPEN-R1-018_72026_ONLINE_NB_openSections.json	
OPEN-R1-019	1	19	72026	2026	7	ONLINE_NK	https://classes.rutgers.edu/soc/api/openSections.json?year=2026&term=7&campus=ONLINE_NK	2026-07-13T03:03:51.115076Z	2026-07-13T03:03:52.292894Z	200	1162.314	1791	6633	application/json	gzip	Mon, 13 Jul 2026 03:03:52 GMT	1282966506		max-age=30			B9813EF25B8A66F14B576AD07272CBEEB0F30560CE61439466758DC9C67AD500	366CBAE112B2918EC2AAE35C7E2C7EBB8FFCA0A2055A9582BDE844110B5A9201	829	"{""string"":829}"	829	0	0	829	SUCCESS		data/staging/p3-rutgers-evidence-20260713/open/OPEN-R1-019_72026_ONLINE_NK_openSections.json	
OPEN-R1-020	1	20	72026	2026	7	ONLINE_CM	https://classes.rutgers.edu/soc/api/openSections.json?year=2026&term=7&campus=ONLINE_CM	2026-07-13T03:03:56.116308Z	2026-07-13T03:03:57.216289Z	200	1071.131	1791	6633	application/json	gzip	Mon, 13 Jul 2026 03:03:57 GMT	1320363608		max-age=30			B9813EF25B8A66F14B576AD07272CBEEB0F30560CE61439466758DC9C67AD500	366CBAE112B2918EC2AAE35C7E2C7EBB8FFCA0A2055A9582BDE844110B5A9201	829	"{""string"":829}"	829	0	0	829	SUCCESS		data/staging/p3-rutgers-evidence-20260713/open/OPEN-R1-020_72026_ONLINE_CM_openSections.json	
OPEN-R1-021	1	21	92026	2026	9	D	https://classes.rutgers.edu/soc/api/openSections.json?year=2026&term=9&campus=D	2026-07-13T03:04:01.116870Z	2026-07-13T03:04:02.169674Z	200	1038.639	29829	101161	application/json	gzip	Mon, 13 Jul 2026 03:04:02 GMT	1143939284		max-age=30			2AB0DD8834D18942A6451583AAF21EB556C1E9332B1364E728FF7A33628C328E	4C1673CF5A06EE2DAB7ACA3160BBEAF247B0810B277C0116ACA6CA56F7FC715A	12645	"{""string"":12645}"	12645	0	0	12645	SUCCESS		data/staging/p3-rutgers-evidence-20260713/open/OPEN-R1-021_92026_D_openSections.json	
OPEN-R2-001	2	1	92026	2026	9	NB	https://classes.rutgers.edu/soc/api/openSections.json?year=2026&term=9&campus=NB	2026-07-13T04:20:02.504414Z	2026-07-13T04:20:04.056440Z	200	1537.168	29820	101129	application/json	gzip	Mon, 13 Jul 2026 04:20:04 GMT	834620110		max-age=30			F1C5DCB0C4FD7F86C13D1738D359183C41E648317F781903C09BA2D64E3D4EF9	8FAEEB048285E44702BCEF11834475E103CBB26457A337BD636FC858CBEACBE5	12641	"{""string"":12641}"	12641	0	0	12641	SUCCESS		data/staging/p3-rutgers-evidence-20260713/open/OPEN-R2-001_92026_NB_openSections.json	
OPEN-R2-002	2	2	92026	2026	9	NK	https://classes.rutgers.edu/soc/api/openSections.json?year=2026&term=9&campus=NK	2026-07-13T04:20:07.505264Z	2026-07-13T04:20:08.957624Z	200	1438.374	29820	101129	application/json	gzip	Mon, 13 Jul 2026 04:20:09 GMT	1828245636		max-age=30			F1C5DCB0C4FD7F86C13D1738D359183C41E648317F781903C09BA2D64E3D4EF9	8FAEEB048285E44702BCEF11834475E103CBB26457A337BD636FC858CBEACBE5	12641	"{""string"":12641}"	12641	0	0	12641	SUCCESS		data/staging/p3-rutgers-evidence-20260713/open/OPEN-R2-002_92026_NK_openSections.json	
OPEN-R2-003	2	3	92026	2026	9	CM	https://classes.rutgers.edu/soc/api/openSections.json?year=2026&term=9&campus=CM	2026-07-13T04:20:12.506095Z	2026-07-13T04:20:13.921246Z	200	1400.408	29820	101129	application/json	gzip	Mon, 13 Jul 2026 04:20:14 GMT	1634270288		max-age=30			F1C5DCB0C4FD7F86C13D1738D359183C41E648317F781903C09BA2D64E3D4EF9	8FAEEB048285E44702BCEF11834475E103CBB26457A337BD636FC858CBEACBE5	12641	"{""string"":12641}"	12641	0	0	12641	SUCCESS		data/staging/p3-rutgers-evidence-20260713/open/OPEN-R2-003_92026_CM_openSections.json	
OPEN-R2-004	2	4	92026	2026	9	ONLINE_NB	https://classes.rutgers.edu/soc/api/openSections.json?year=2026&term=9&campus=ONLINE_NB	2026-07-13T04:20:17.506741Z	2026-07-13T04:20:18.681215Z	200	1162.005	2351	8785	application/json	gzip	Mon, 13 Jul 2026 04:20:19 GMT	290943412		max-age=30			EF1B52F539E74D17E7A8C2FA434287A2E14B4C1FAC1149CFB0F9AB587C5A1303	E2BE3F98188517C57F9F214FE176C7C1FD61D17F474BC3D839FA022B65D89F36	1098	"{""string"":1098}"	1098	0	0	1098	SUCCESS		data/staging/p3-rutgers-evidence-20260713/open/OPEN-R2-004_92026_ONLINE_NB_openSections.json	
OPEN-R2-005	2	5	92026	2026	9	ONLINE_NK	https://classes.rutgers.edu/soc/api/openSections.json?year=2026&term=9&campus=ONLINE_NK	2026-07-13T04:20:22.507775Z	2026-07-13T04:20:23.576782Z	200	1056.158	2351	8785	application/json	gzip	Mon, 13 Jul 2026 04:20:24 GMT	1258074528		max-age=30			EF1B52F539E74D17E7A8C2FA434287A2E14B4C1FAC1149CFB0F9AB587C5A1303	E2BE3F98188517C57F9F214FE176C7C1FD61D17F474BC3D839FA022B65D89F36	1098	"{""string"":1098}"	1098	0	0	1098	SUCCESS		data/staging/p3-rutgers-evidence-20260713/open/OPEN-R2-005_92026_ONLINE_NK_openSections.json	
OPEN-R2-006	2	6	92026	2026	9	ONLINE_CM	https://classes.rutgers.edu/soc/api/openSections.json?year=2026&term=9&campus=ONLINE_CM	2026-07-13T04:20:28.686088Z	2026-07-13T04:20:29.840899Z	200	1139.837	2351	8785	application/json	gzip	Mon, 13 Jul 2026 04:20:30 GMT	680388396		max-age=30			EF1B52F539E74D17E7A8C2FA434287A2E14B4C1FAC1149CFB0F9AB587C5A1303	E2BE3F98188517C57F9F214FE176C7C1FD61D17F474BC3D839FA022B65D89F36	1098	"{""string"":1098}"	1098	0	0	1098	SUCCESS		data/staging/p3-rutgers-evidence-20260713/open/OPEN-R2-006_92026_ONLINE_CM_openSections.json	
OPEN-R2-007	2	7	92026	2026	9	B	https://classes.rutgers.edu/soc/api/openSections.json?year=2026&term=9&campus=B	2026-07-13T04:20:33.686759Z	2026-07-13T04:20:35.175565Z	200	1475.244	29820	101129	application/json	gzip	Mon, 13 Jul 2026 04:20:35 GMT	1377756563		max-age=30			F1C5DCB0C4FD7F86C13D1738D359183C41E648317F781903C09BA2D64E3D4EF9	8FAEEB048285E44702BCEF11834475E103CBB26457A337BD636FC858CBEACBE5	12641	"{""string"":12641}"	12641	0	0	12641	SUCCESS		data/staging/p3-rutgers-evidence-20260713/open/OPEN-R2-007_92026_B_openSections.json	
OPEN-R2-008	2	8	92026	2026	9	CC	https://classes.rutgers.edu/soc/api/openSections.json?year=2026&term=9&campus=CC	2026-07-13T04:20:38.687486Z	2026-07-13T04:20:40.004074Z	200	1300.074	29820	101129	application/json	gzip	Mon, 13 Jul 2026 04:20:40 GMT	867645820		max-age=30			F1C5DCB0C4FD7F86C13D1738D359183C41E648317F781903C09BA2D64E3D4EF9	8FAEEB048285E44702BCEF11834475E103CBB26457A337BD636FC858CBEACBE5	12641	"{""string"":12641}"	12641	0	0	12641	SUCCESS		data/staging/p3-rutgers-evidence-20260713/open/OPEN-R2-008_92026_CC_openSections.json	
OPEN-R2-009	2	9	92026	2026	9	H	https://classes.rutgers.edu/soc/api/openSections.json?year=2026&term=9&campus=H	2026-07-13T04:20:43.687979Z	2026-07-13T04:20:45.068982Z	200	1367.732	29820	101129	application/json	gzip	Mon, 13 Jul 2026 04:20:45 GMT	1192767088		max-age=30			F1C5DCB0C4FD7F86C13D1738D359183C41E648317F781903C09BA2D64E3D4EF9	8FAEEB048285E44702BCEF11834475E103CBB26457A337BD636FC858CBEACBE5	12641	"{""string"":12641}"	12641	0	0	12641	SUCCESS		data/staging/p3-rutgers-evidence-20260713/open/OPEN-R2-009_92026_H_openSections.json	
OPEN-R2-010	2	10	92026	2026	9	CU	https://classes.rutgers.edu/soc/api/openSections.json?year=2026&term=9&campus=CU	2026-07-13T04:20:48.688485Z	2026-07-13T04:20:49.817169Z	200	1117.194	22	2	application/json	gzip	Mon, 13 Jul 2026 04:20:50 GMT	681380905		max-age=30			2E4F23DE4086A47E7D4F246638BBE838E34A17B8DE971D719F93EF940AD46F2C	4F53CDA18C2BAA0C0354BB5F9A3ECBE5ED12AB4D8E11BA873C2F11161202B945	0	{}	0	0	0	0	SUCCESS		data/staging/p3-rutgers-evidence-20260713/open/OPEN-R2-010_92026_CU_openSections.json	
OPEN-R2-011	2	11	92026	2026	9	MC	https://classes.rutgers.edu/soc/api/openSections.json?year=2026&term=9&campus=MC	2026-07-13T04:20:53.689204Z	2026-07-13T04:20:55.024178Z	200	1319.522	29820	101129	application/json	gzip	Mon, 13 Jul 2026 04:20:55 GMT	2079071272		max-age=30			F1C5DCB0C4FD7F86C13D1738D359183C41E648317F781903C09BA2D64E3D4EF9	8FAEEB048285E44702BCEF11834475E103CBB26457A337BD636FC858CBEACBE5	12641	"{""string"":12641}"	12641	0	0	12641	SUCCESS		data/staging/p3-rutgers-evidence-20260713/open/OPEN-R2-011_92026_MC_openSections.json	
OPEN-R2-012	2	12	92026	2026	9	L	https://classes.rutgers.edu/soc/api/openSections.json?year=2026&term=9&campus=L	2026-07-13T04:20:58.689711Z	2026-07-13T04:21:00.206627Z	200	1501.02	29820	101129	application/json	gzip	Mon, 13 Jul 2026 04:21:00 GMT	912654907		max-age=30			F1C5DCB0C4FD7F86C13D1738D359183C41E648317F781903C09BA2D64E3D4EF9	8FAEEB048285E44702BCEF11834475E103CBB26457A337BD636FC858CBEACBE5	12641	"{""string"":12641}"	12641	0	0	12641	SUCCESS		data/staging/p3-rutgers-evidence-20260713/open/OPEN-R2-012_92026_L_openSections.json	
OPEN-R2-013	2	13	92026	2026	9	AC	https://classes.rutgers.edu/soc/api/openSections.json?year=2026&term=9&campus=AC	2026-07-13T04:21:03.690399Z	2026-07-13T04:21:05.120714Z	200	1416.345	29820	101129	application/json	gzip	Mon, 13 Jul 2026 04:21:05 GMT	1190685546		max-age=30			F1C5DCB0C4FD7F86C13D1738D359183C41E648317F781903C09BA2D64E3D4EF9	8FAEEB048285E44702BCEF11834475E103CBB26457A337BD636FC858CBEACBE5	12641	"{""string"":12641}"	12641	0	0	12641	SUCCESS		data/staging/p3-rutgers-evidence-20260713/open/OPEN-R2-013_92026_AC_openSections.json	
OPEN-R2-014	2	14	92026	2026	9	J	https://classes.rutgers.edu/soc/api/openSections.json?year=2026&term=9&campus=J	2026-07-13T04:21:08.691189Z	2026-07-13T04:21:10.229064Z	200	1523.07	29820	101129	application/json	gzip	Mon, 13 Jul 2026 04:21:10 GMT	1532517570		max-age=30			F1C5DCB0C4FD7F86C13D1738D359183C41E648317F781903C09BA2D64E3D4EF9	8FAEEB048285E44702BCEF11834475E103CBB26457A337BD636FC858CBEACBE5	12641	"{""string"":12641}"	12641	0	0	12641	SUCCESS		data/staging/p3-rutgers-evidence-20260713/open/OPEN-R2-014_92026_J_openSections.json	
OPEN-R2-015	2	15	72026	2026	7	NB	https://classes.rutgers.edu/soc/api/openSections.json?year=2026&term=7&campus=NB	2026-07-13T04:21:13.692092Z	2026-07-13T04:21:14.859307Z	200	1152.071	4615	16553	application/json	gzip	Mon, 13 Jul 2026 04:21:15 GMT	1830122562		max-age=30			4BE3605C7F8B924B479FCA0749936375CE51A9FE9A26DEF8E101B09D3195AF00	1814D0B9FD81FA7E72E4A4DE2E1EFE7702CC418DF30D18138D050087CF5A1608	2069	"{""string"":2069}"	2069	0	0	2069	SUCCESS		data/staging/p3-rutgers-evidence-20260713/open/OPEN-R2-015_72026_NB_openSections.json	
OPEN-R2-016	2	16	72026	2026	7	NK	https://classes.rutgers.edu/soc/api/openSections.json?year=2026&term=7&campus=NK	2026-07-13T04:21:18.693125Z	2026-07-13T04:21:19.755328Z	200	1046.142	4615	16553	application/json	gzip	Mon, 13 Jul 2026 04:21:20 GMT	579969331		max-age=30			4BE3605C7F8B924B479FCA0749936375CE51A9FE9A26DEF8E101B09D3195AF00	1814D0B9FD81FA7E72E4A4DE2E1EFE7702CC418DF30D18138D050087CF5A1608	2069	"{""string"":2069}"	2069	0	0	2069	SUCCESS		data/staging/p3-rutgers-evidence-20260713/open/OPEN-R2-016_72026_NK_openSections.json	
OPEN-R2-017	2	17	72026	2026	7	CM	https://classes.rutgers.edu/soc/api/openSections.json?year=2026&term=7&campus=CM	2026-07-13T04:21:23.693825Z	2026-07-13T04:21:24.888946Z	200	1182.125	4615	16553	application/json	gzip	Mon, 13 Jul 2026 04:21:25 GMT	1833880744		max-age=30			4BE3605C7F8B924B479FCA0749936375CE51A9FE9A26DEF8E101B09D3195AF00	1814D0B9FD81FA7E72E4A4DE2E1EFE7702CC418DF30D18138D050087CF5A1608	2069	"{""string"":2069}"	2069	0	0	2069	SUCCESS		data/staging/p3-rutgers-evidence-20260713/open/OPEN-R2-017_72026_CM_openSections.json	
OPEN-R2-018	2	18	72026	2026	7	ONLINE_NB	https://classes.rutgers.edu/soc/api/openSections.json?year=2026&term=7&campus=ONLINE_NB	2026-07-13T04:21:28.694720Z	2026-07-13T04:21:29.780221Z	200	1071.474	1791	6633	application/json	gzip	Mon, 13 Jul 2026 04:21:30 GMT	714495398		max-age=30			B9813EF25B8A66F14B576AD07272CBEEB0F30560CE61439466758DC9C67AD500	366CBAE112B2918EC2AAE35C7E2C7EBB8FFCA0A2055A9582BDE844110B5A9201	829	"{""string"":829}"	829	0	0	829	SUCCESS		data/staging/p3-rutgers-evidence-20260713/open/OPEN-R2-018_72026_ONLINE_NB_openSections.json	
OPEN-R2-019	2	19	72026	2026	7	ONLINE_NK	https://classes.rutgers.edu/soc/api/openSections.json?year=2026&term=7&campus=ONLINE_NK	2026-07-13T04:21:33.695449Z	2026-07-13T04:21:34.727939Z	200	1015.117	1791	6633	application/json	gzip	Mon, 13 Jul 2026 04:21:35 GMT	1032736533		max-age=30			B9813EF25B8A66F14B576AD07272CBEEB0F30560CE61439466758DC9C67AD500	366CBAE112B2918EC2AAE35C7E2C7EBB8FFCA0A2055A9582BDE844110B5A9201	829	"{""string"":829}"	829	0	0	829	SUCCESS		data/staging/p3-rutgers-evidence-20260713/open/OPEN-R2-019_72026_ONLINE_NK_openSections.json	
OPEN-R2-020	2	20	72026	2026	7	ONLINE_CM	https://classes.rutgers.edu/soc/api/openSections.json?year=2026&term=7&campus=ONLINE_CM	2026-07-13T04:21:38.696431Z	2026-07-13T04:21:39.773143Z	200	1063.799	1791	6633	application/json	gzip	Mon, 13 Jul 2026 04:21:40 GMT	839163241		max-age=30			B9813EF25B8A66F14B576AD07272CBEEB0F30560CE61439466758DC9C67AD500	366CBAE112B2918EC2AAE35C7E2C7EBB8FFCA0A2055A9582BDE844110B5A9201	829	"{""string"":829}"	829	0	0	829	SUCCESS		data/staging/p3-rutgers-evidence-20260713/open/OPEN-R2-020_72026_ONLINE_CM_openSections.json	
OPEN-R2-021	2	21	92026	2026	9	D	https://classes.rutgers.edu/soc/api/openSections.json?year=2026&term=9&campus=D	2026-07-13T04:21:43.697188Z	2026-07-13T04:21:45.011085Z	200	1299.397	29820	101129	application/json	gzip	Mon, 13 Jul 2026 04:21:45 GMT	1018982254		max-age=30			F1C5DCB0C4FD7F86C13D1738D359183C41E648317F781903C09BA2D64E3D4EF9	8FAEEB048285E44702BCEF11834475E103CBB26457A337BD636FC858CBEACBE5	12641	"{""string"":12641}"	12641	0	0	12641	SUCCESS		data/staging/p3-rutgers-evidence-20260713/open/OPEN-R2-021_92026_D_openSections.json	
