ecosystem	name	version	scope	direct	source	checksum	lock_key
npm	@asamuzakjp/css-color	5.1.11	dev	false	registry:npmjs	sha512-KVw6qIiCTUQhByfTd78h2yD1/00waTmm9uy/R7Ck/ctUyAPj+AEDLkQIdJW0T8+qGgj3j5bpNKK7Q3G+LedJWg==	npm:node_modules/@asamuzakjp/css-color
npm	@asamuzakjp/dom-selector	7.1.1	dev	false	registry:npmjs	sha512-67RZDnYRc8H/8MLDgQCDE//zoqVFwajkepHZgmXrbwybzXOEwOWGPYGmALYl9J2DOLfFPPs6kKCqmbzV895hTQ==	npm:node_modules/@asamuzakjp/dom-selector
npm	@asamuzakjp/generational-cache	1.0.1	dev	false	registry:npmjs	sha512-wajfB8KqzMCN2KGNFdLkReeHncd0AslUSrvHVvvYWuU8ghncRJoA50kT3zP9MVL0+9g4/67H+cdvBskj9THPzg==	npm:node_modules/@asamuzakjp/generational-cache
npm	@asamuzakjp/nwsapi	2.3.9	dev	false	registry:npmjs	sha512-n8GuYSrI9bF7FFZ/SjhwevlHc8xaVlb/7HmHelnc/PZXBD2ZR49NnN9sMMuDdEGPeeRQ5d0hqlSlEpgCX3Wl0Q==	npm:node_modules/@asamuzakjp/nwsapi
npm	@babel/code-frame	7.27.1	dev	false	registry:npmjs	sha512-cjQ7ZlQ0Mv3b47hABuTevyTuYN4i+loJKGeV9flcCgIK37cCXRh+L1bd3iBHlynerhQ7BhCkn2BPbQUL+rGqFg==	npm:node_modules/@babel/code-frame
npm	@babel/helper-validator-identifier	7.28.5	dev	false	registry:npmjs	sha512-qSs4ifwzKJSV39ucNjsvc6WVHs6b7S03sOh2OcHF9UHfVPqWWALUsNUVzhSBiItjRZoLHx7nIarVjqKVusUZ1Q==	npm:node_modules/@babel/helper-validator-identifier
npm	@babel/runtime	7.29.7	runtime	false	registry:npmjs	sha512-Nq8OhGWiZIZGV6hLHoyAKLLcJihP/xFeBMGJoUrxTX2psI8dCifzLhZISFb+VWS3wFMRDmCGw5R+dOySCqPLhw==	npm:node_modules/@babel/runtime
npm	@bramus/specificity	2.4.2	dev	false	registry:npmjs	sha512-ctxtJ/eA+t+6q2++vj5j7FYX3nRu311q1wfYH3xjlLOsczhlhxAg2FWNUXhpGvAw3BWo1xBcvOV6/YLc2r5FJw==	npm:node_modules/@bramus/specificity
npm	@csstools/color-helpers	6.1.0	dev	false	registry:npmjs	sha512-064IFJdjTfUqnjpCVpMOdbr8FLQBhinbZj6yRv2An2E41O/pLEXqfFRWqGq/SxlE5PEUYTlvWsG2r8MswAVvkg==	npm:node_modules/@csstools/color-helpers
npm	@csstools/css-calc	3.2.1	dev	false	registry:npmjs	sha512-DtdHlgXh5ZkA43cwBcAm+huzgJiwx3ZTWVjBs94kwz2xKqSimDA3lBgCjphYgwgVUMWatSM0pDd8TILB1yrVVg==	npm:node_modules/@csstools/css-calc
npm	@csstools/css-color-parser	4.1.9	dev	false	registry:npmjs	sha512-paQcIaOO53Rk5+YrBaBjm/SgrV4INImjo2BT1DtQRYr+XeTRbeAYlS+jxXp9drqvKmtFnWRJKIalDLhZZDu42A==	npm:node_modules/@csstools/css-color-parser
npm	@csstools/css-parser-algorithms	4.0.0	dev	false	registry:npmjs	sha512-+B87qS7fIG3L5h3qwJ/IFbjoVoOe/bpOdh9hAjXbvx0o8ImEmUsGXN0inFOnk2ChCFgqkkGFQ+TpM5rbhkKe4w==	npm:node_modules/@csstools/css-parser-algorithms
npm	@csstools/css-syntax-patches-for-csstree	1.1.6	dev	false	registry:npmjs	sha512-TcJCWFbXLPpJYq6z7bfOyjWYJDiDg2/I4gyUC9pqPNqHFRIey0EB0q0L5cSnQDfWJg8Jd6VadakxdIez/3zkqQ==	npm:node_modules/@csstools/css-syntax-patches-for-csstree
npm	@csstools/css-tokenizer	4.0.0	dev	false	registry:npmjs	sha512-QxULHAm7cNu72w97JUNCBFODFaXpbDg+dP8b/oWFAZ2MTRppA3U00Y2L1HqaS4J6yBqxwa/Y3nMBaxVKbB/NsA==	npm:node_modules/@csstools/css-tokenizer
npm	@emnapi/core	1.11.1	dev	false	registry:npmjs	sha512-RSvbQmHzdKzNsLYa/wHrbc3KN4sYLKAdPZxqiM2HATqv/SBk2/ENSHpvXGaLOMcsAyz0poEGqkmmKYG3OWiJEQ==	npm:node_modules/@emnapi/core
npm	@emnapi/runtime	1.11.1	dev	false	registry:npmjs	sha512-vgj7R3y3Wgx24IQaGPA/R6YFXLHVMOZ0uVEyIQPaWs+rd1AzfEMXlAC22FYwO1XkKR6NPsq7mUandH8oIRdZFw==	npm:node_modules/@emnapi/runtime
npm	@emnapi/wasi-threads	1.2.2	dev	false	registry:npmjs	sha512-c95qOXkHdydNKhscBTebqEC1CVAZpyqOfVfBzQ1qgzyl3gfeldUjIggDbIZgDKsHLgnsM+igH7TJ/eAasaVuMA==	npm:node_modules/@emnapi/wasi-threads
npm	@exodus/bytes	1.15.1	dev	false	registry:npmjs	sha512-S6mL0yNB/Abt9Ei4tq8gDhcczc4S3+vQ4ra7vxnAf+YHC02srtqxKKZghx2Dq6p0e66THKwR6r8N6P95wEty7Q==	npm:node_modules/@exodus/bytes
npm	@jridgewell/sourcemap-codec	1.5.5	dev	false	registry:npmjs	sha512-cYQ9310grqxueWbl+WuIUIaiUaDcj7WOq5fVhEljNVgRfOUhY9fy2zTvfoqWsnebh8Sl70VScFbICvJnLKB0Og==	npm:node_modules/@jridgewell/sourcemap-codec
npm	@napi-rs/wasm-runtime	1.1.6	dev	false	registry:npmjs	sha512-ZLv/JdUfkvOy9eCnnBaGfiO+XimbjebAeO+MRQqD/B+FR1tnRN0tpKSJHRbE8sFfS6aqsXZ67TQjfwfsxULVbg==	npm:node_modules/@napi-rs/wasm-runtime
npm	@oxc-project/types	0.139.0	dev	false	registry:npmjs	sha512-r9gHphtCs+1M7J0pw6Sn/hh/Wpa/iQrOOkrNAlVLF/gHq+/CJmHIWKKUUhdWjcD6CIa8idarspCsASiXCXvFUw==	npm:node_modules/@oxc-project/types
npm	@rolldown/binding-android-arm64	1.1.5	dev	false	registry:npmjs	sha512-lZg8fqIv2v7FF237bwMgzGZEJvGL79/s5knJ/i6FmsGF4XXlzccZ4jb+TrFIxtSSxFtIpdsgrPZeMk1I9AFcyQ==	npm:node_modules/@rolldown/binding-android-arm64
npm	@rolldown/binding-darwin-arm64	1.1.5	dev	false	registry:npmjs	sha512-51Bnx9pNiMRKSUNtBfySkNJ9vMU9Hh3I1ozDd6gyPPYzaXCfnptUcEZxXGYFn+ul2dtcMUiqGR1Yai2K10uoTw==	npm:node_modules/@rolldown/binding-darwin-arm64
npm	@rolldown/binding-darwin-x64	1.1.5	dev	false	registry:npmjs	sha512-Tm+gbfC0aHu1tBA/JvKQh32S0K6YgCHkiAF4/W6xX0K0RmNuc94VeK419dJoE65R5aRxmo+noZQSWrAMF6yb6g==	npm:node_modules/@rolldown/binding-darwin-x64
npm	@rolldown/binding-freebsd-x64	1.1.5	dev	false	registry:npmjs	sha512-JMzDKCCXq93YccG5gz3hvOs1oXRKAf0XYpfOS88e+wZrC8Iugj6j68867vrYZkvpDDpKn/KoKORThmchMpF6TA==	npm:node_modules/@rolldown/binding-freebsd-x64
npm	@rolldown/binding-linux-arm-gnueabihf	1.1.5	dev	false	registry:npmjs	sha512-uML21j2K5TfPGutKxub+M+nLjZIrWjXQ5Grx4lCe/nimTj9B4L63zHpjXLl4y0L3mcm2htEQIb06oCG/szerNw==	npm:node_modules/@rolldown/binding-linux-arm-gnueabihf
npm	@rolldown/binding-linux-arm64-gnu	1.1.5	dev	false	registry:npmjs	sha512-navSiuTMogvnQoZoM/v+l3ZWo50/NTwSHSzheABx/RCnmUPaKwq9qSo4Br2OYRs21+Fz8uFqITZM3H4opOB0/Q==	npm:node_modules/@rolldown/binding-linux-arm64-gnu
npm	@rolldown/binding-linux-arm64-musl	1.1.5	dev	false	registry:npmjs	sha512-lAryqH7IteztmCXQXk0etKj4wBQ7Gx5S6LjKhsgp9zb8I5bsuvU/2llH1hDQcjsFeqIsovMVN339/8pUDDBXxA==	npm:node_modules/@rolldown/binding-linux-arm64-musl
npm	@rolldown/binding-linux-ppc64-gnu	1.1.5	dev	false	registry:npmjs	sha512-fsK/sNBnxzBlL4O1JNrZakVQxPspqpED5dLtNsZS9oOKmtSpdNIzxH2kkol5HYTWJN47sE20ztMJPxfZ89qGOg==	npm:node_modules/@rolldown/binding-linux-ppc64-gnu
npm	@rolldown/binding-linux-s390x-gnu	1.1.5	dev	false	registry:npmjs	sha512-gLYb4BIadlfTOYT5gO503n8zQjXflgzpD0FcyKh0Mzx3rqCZKnHoJWV9xe1KXUJ5lx2JfcSHr/mhzS0PC/McAA==	npm:node_modules/@rolldown/binding-linux-s390x-gnu
npm	@rolldown/binding-linux-x64-gnu	1.1.5	dev	false	registry:npmjs	sha512-FjcpEKUyJygHgs1o50VYNvkt5+7Le/VEdYt0AkRpkL33MnyQfwr8l5mXwMmfmTbyMPr5vJLC+8/Gd9gXnwU1QQ==	npm:node_modules/@rolldown/binding-linux-x64-gnu
npm	@rolldown/binding-linux-x64-musl	1.1.5	dev	false	registry:npmjs	sha512-Me+PfPI2TMeOQk0gYWfLQZtTktrmzbr8cDboqX83XKc7UrgAi55gF+2dUkWdxd19n55Essp2yeca+O9N5rBxHg==	npm:node_modules/@rolldown/binding-linux-x64-musl
npm	@rolldown/binding-openharmony-arm64	1.1.5	dev	false	registry:npmjs	sha512-yc5WrLzXks6zCQfn9Oxr8pORKyl/pF+QjHmW/Qx3qu0oyrrNC+y2JLTU1E2rcWYAmzlnqngWXHQjy51VzW70Vw==	npm:node_modules/@rolldown/binding-openharmony-arm64
npm	@rolldown/binding-wasm32-wasi	1.1.5	dev	false	registry:npmjs	sha512-VbQGPX2b4r48TAMIM2cjgluIM1HYutm4pcTEJsle7iEP7sB1dFqtPLBVbdLAZCxy1txCcPxf4QFf4v8uvltPqA==	npm:node_modules/@rolldown/binding-wasm32-wasi
npm	@rolldown/binding-win32-arm64-msvc	1.1.5	dev	false	registry:npmjs	sha512-gHv82k63z4qpV5+Q1y/12KrK0ltWBukVDI8nZcbT7Tt/ZlOIVwppazneq0F93oDxTo3IgAMEDIoQh3E2n6mVsw==	npm:node_modules/@rolldown/binding-win32-arm64-msvc
npm	@rolldown/binding-win32-x64-msvc	1.1.5	dev	false	registry:npmjs	sha512-tTZuDBPw85tEN5PQi1pnEBzDy0Z49HtScLAbD5t6hyeU92A95pRWaSMw1GZZi/RwgSgUIl0xrSlXIT/9QzvYSA==	npm:node_modules/@rolldown/binding-win32-x64-msvc
npm	@rolldown/pluginutils	1.0.1	dev	false	registry:npmjs	sha512-2j9bGt5Jh8hj+vPtgzPtl72j0yRxHAyumoo6TNfAjsLB04UtpSvPbPcDcBMxz7n+9CYB0c1GxQFxYRg2jimqGw==	npm:node_modules/@rolldown/pluginutils
npm	@standard-schema/spec	1.1.0	dev	false	registry:npmjs	sha512-l2aFy5jALhniG5HgqrD6jXLi/rUWrKvqN/qJx6yoJsgKhblVd+iqqU4RCXavm/jPityDo5TCvKMnpjKnOriy0w==	npm:node_modules/@standard-schema/spec
npm	@testing-library/dom	10.4.1	dev	true	registry:npmjs	sha512-o4PXJQidqJl82ckFaXUeoAW+XysPLauYI43Abki5hABd853iMhitooc6znOnczgbTYmEP6U6/y1ZyKAIsvMKGg==	npm:node_modules/@testing-library/dom
npm	@testing-library/react	16.3.2	dev	true	registry:npmjs	sha512-XU5/SytQM+ykqMnAnvB2umaJNIOsLF3PVv//1Ew4CTcpz0/BRyy/af40qqrt7SjKpDdT1saBMc42CUok5gaw+g==	npm:node_modules/@testing-library/react
npm	@tybys/wasm-util	0.10.3	dev	false	registry:npmjs	sha512-F3fo1MYrRJYL3zER0OUOmkutjr1Vp23m7OsSgp7nq4SP6OqX6C/56XFIPAl5bt3zaBRjmW7SGz3u/6LwFpYcOg==	npm:node_modules/@tybys/wasm-util
npm	@types/aria-query	5.0.4	dev	false	registry:npmjs	sha512-rfT93uj5s0PRL7EzccGMs3brplhcrghnDoV26NqKhCAS1hVo+WdNsPvE/yb6ilfr5hi2MEk6d5EWJTKdxg8jVw==	npm:node_modules/@types/aria-query
npm	@types/chai	5.2.3	dev	false	registry:npmjs	sha512-Mw558oeA9fFbv65/y4mHtXDs9bPnFMZAL/jxdPFUpOHHIXX91mcgEHbS5Lahr+pwZFR8A7GQleRWeI6cGFC2UA==	npm:node_modules/@types/chai
npm	@types/deep-eql	4.0.2	dev	false	registry:npmjs	sha512-c9h9dVVMigMPc4bwTvC5dxqtqJZwQPePsWjPlpSOnojbor6pGqdk541lfA7AqFQr5pB1BRdq0juY9db81BwyFw==	npm:node_modules/@types/deep-eql
npm	@types/estree	1.0.9	dev	false	registry:npmjs	sha512-GhdPgy1el4/ImP05X05Uw4cw2/M93BCUmnEvWZNStlCzEKME4Fkk+YpoA5OiHNQmoS7Cafb8Xa3Pya8m1Qrzeg==	npm:node_modules/@types/estree
npm	@types/jsdom	28.0.3	dev	true	registry:npmjs	sha512-/HQ2uFoetFTXuye8vzIcHw2z6Fwi7Hi/qcgC+RoS9NCyewiqxhVGqlG+ViGB6lkax481R6dmhf1I7lIGlzJStQ==	npm:node_modules/@types/jsdom
npm	@types/node	26.1.1	dev	true	registry:npmjs	sha512-nxAkRSVkN1Y0JC1W8ky/fTfkGsMmcrRsbx+3XoZE+rMOX71kLYTV7fLXpqud1GpbpP5TuffXFqfX7fH2GgZREw==	npm:node_modules/@types/node
npm	@types/react	19.2.17	dev	true	registry:npmjs	sha512-MXfmqaVPEVgkBT/aY0aGCkRWWtByiYQXo3xdQ8r5RzuFrPiRn8Gar2tQdXSUQ2GKV3bkXckek89V8wQBY2Q/Aw==	npm:node_modules/@types/react
npm	@types/react-dom	19.2.3	dev	true	registry:npmjs	sha512-jp2L/eY6fn+KgVVQAOqYItbF0VY/YApe5Mz2F0aykSO8gx31bYCZyvSeYxCHKvzHG5eZjc+zyaS5BrBWya2+kQ==	npm:node_modules/@types/react-dom
npm	@types/tough-cookie	4.0.5	dev	false	registry:npmjs	sha512-/Ad8+nIOV7Rl++6f1BdKxFSMgmoqEoYbHRpPcx3JEfv8VRsQe9Z4mCXeJBzxs7mbHY/XOZZuXlRNfhpVPbs6ZA==	npm:node_modules/@types/tough-cookie
npm	@typescript/typescript-aix-ppc64	7.0.2	runtime	false	registry:npmjs	sha512-MTKKkWB7p/0E9xi1d1tHtZ5PiLkGEMIq88pK2CubZjOsLtYTLqhgIgi6zepFa+9GHZ6h05NMCkQxGKiPXMxXtQ==	npm:node_modules/@typescript/typescript-aix-ppc64
npm	@typescript/typescript-darwin-arm64	7.0.2	runtime	false	registry:npmjs	sha512-gowzar9MwS/aRWp6f3a4KUqzRjAZjOsmGNCM6LcTgXum+dBfgsBVMN+AgvOCCbguXyick6LJhpBszxMebJ8syA==	npm:node_modules/@typescript/typescript-darwin-arm64
npm	@typescript/typescript-darwin-x64	7.0.2	runtime	false	registry:npmjs	sha512-SZ9xZInqApNlNGc9s0W1VSsktYSOe9cFqNOIqmN1Gs8SmkjKZYFt017G4VwPxASInODuAdbTW7sXiFUf893RgA==	npm:node_modules/@typescript/typescript-darwin-x64
npm	@typescript/typescript-freebsd-arm64	7.0.2	runtime	false	registry:npmjs	sha512-W5NH4y/J0plIIS5b2xvTEkU7JFxyqdMAOgf+Ilhl0vHQXKO5dZoxd+C/jEtq56c4F3wk71RB4BMRQ2XdI+bwYQ==	npm:node_modules/@typescript/typescript-freebsd-arm64
npm	@typescript/typescript-freebsd-x64	7.0.2	runtime	false	registry:npmjs	sha512-UMGDx5sTpzNw3WiPebH7l90IWfJggEd+egHt/q6p7/Cm3zqoV7VxkGXt+3DxPIw8CcmvAB0j3sVVfbhX+M4Tpw==	npm:node_modules/@typescript/typescript-freebsd-x64
npm	@typescript/typescript-linux-arm	7.0.2	runtime	false	registry:npmjs	sha512-gffT3xPz9sR7j/YJExkyPntrI0P2EP9XbOyWzth2/Gs0RstK+90RBcO0ncXoXy/beYll1SXw846Nf2zdnEz0QQ==	npm:node_modules/@typescript/typescript-linux-arm
npm	@typescript/typescript-linux-arm64	7.0.2	runtime	false	registry:npmjs	sha512-Qh4eU4/y3yDjnfjjyPYihMj5/ODIlmt+Bzu17OI+fiSRDW57QmU5SiN63exPRNJPKUzcc1INa1NXdrJ+MqHjUQ==	npm:node_modules/@typescript/typescript-linux-arm64
npm	@typescript/typescript-linux-loong64	7.0.2	runtime	false	registry:npmjs	sha512-uEHck9i8hoAzXPiYRib1O7miOnz23SxIeVl6F4LXox+qov1K35jHcEW6VHKvZI+pyvl7fZEP4MCU5LYvIq1GuQ==	npm:node_modules/@typescript/typescript-linux-loong64
npm	@typescript/typescript-linux-mips64el	7.0.2	runtime	false	registry:npmjs	sha512-R4KvAMnE43W5Qeqb0Ly56O3mWMWIAgsMyz36DCaycd5nbg/9kzm0liw3JocfRqyJY0KPmzFjbswozXyW0DnIYA==	npm:node_modules/@typescript/typescript-linux-mips64el
npm	@typescript/typescript-linux-ppc64	7.0.2	runtime	false	registry:npmjs	sha512-DORx5b3sd/4S7eayxm4FQv+A7CrkUIGRaHiwI8oiHTAI1fAPWhF4J0vAlkC8biAlHSVVwxMQ3tjZ2/DVbnQiiA==	npm:node_modules/@typescript/typescript-linux-ppc64
npm	@typescript/typescript-linux-riscv64	7.0.2	runtime	false	registry:npmjs	sha512-wf0jqEDOjrPRnKwYRyyJDRo11KMbvMFrU+q4zqKyChODBzvlkbhNQfKvLxQCcwTpdDaXSHZTVuh0JoCrKCUMHQ==	npm:node_modules/@typescript/typescript-linux-riscv64
npm	@typescript/typescript-linux-s390x	7.0.2	runtime	false	registry:npmjs	sha512-IkwJc3L7yhytWd/ewjyxNDfOmswCm9GWMJT/ue/dU4aZNbwZeYAetq42VyLmsmSjvoX7z74X6ZaYCtzAr0EuGw==	npm:node_modules/@typescript/typescript-linux-s390x
npm	@typescript/typescript-linux-x64	7.0.2	runtime	false	registry:npmjs	sha512-EYdf2cNg7rgCWJnxCdJ+F3V39O8ihb37eHAu1LK8oAFizgTQbPOK7zHHXbPt8rX24COqODXeI3sIf0fCXG7H/A==	npm:node_modules/@typescript/typescript-linux-x64
npm	@typescript/typescript-netbsd-arm64	7.0.2	runtime	false	registry:npmjs	sha512-+polYF4MF04aPpO5FTkHran9yUQDSXqy5GiSDKpsll5jy3l3+g9QLhpf39T+ePtefhXLOGrLl0QIjkQP6VnelA==	npm:node_modules/@typescript/typescript-netbsd-arm64
npm	@typescript/typescript-netbsd-x64	7.0.2	runtime	false	registry:npmjs	sha512-8YIT0EHM/3dq10ZOVF/A7pc/YSMtbcecct4rWtexrnSCHOPcpC2KTLXfTCR6vDpnSiY12heNb1GiN/wu+T/FyA==	npm:node_modules/@typescript/typescript-netbsd-x64
npm	@typescript/typescript-openbsd-arm64	7.0.2	runtime	false	registry:npmjs	sha512-APT8+ClYnuYm1u9+kgGXoMj2VzWzcymwh2gNSQVySHfkRDGOTVkoWLjCmOQSaO+PoqQ57B0flRp9SA+7GnnkzQ==	npm:node_modules/@typescript/typescript-openbsd-arm64
npm	@typescript/typescript-openbsd-x64	7.0.2	runtime	false	registry:npmjs	sha512-yX7s+Q0Dln0Dt9tEzZsAjXXR/+ytBM7AlglaqyeMPxQszJ1JhlJdZ6jLA+IzldHtflX81em7lDao1xXu+aRRkg==	npm:node_modules/@typescript/typescript-openbsd-x64
npm	@typescript/typescript-sunos-x64	7.0.2	runtime	false	registry:npmjs	sha512-dLJDGaLZ1D4HPQn62u1n8mBDkJREwMsAkCdkwd4Ieqw+x3TUyTsqY0YiBCtE6H6OzzgGk3iuZ3vFWRS+E8/d1g==	npm:node_modules/@typescript/typescript-sunos-x64
npm	@typescript/typescript-win32-arm64	7.0.2	runtime	false	registry:npmjs	sha512-Gyl1Vy6OsWesLzmq+EP0Fb7b4Nid5232AvcA2SFcdYreldpNtYFFofPjnt62y9hQy7VTaZp65ICJjuAQRaVcIQ==	npm:node_modules/@typescript/typescript-win32-arm64
npm	@typescript/typescript-win32-x64	7.0.2	runtime	false	registry:npmjs	sha512-0BQ3HkAHHlKLSp1qRvf3SUhGpGsDuhB/jgFw75guyqbxJqEaS0Cw/VFO8i2nHglJUzQCRtMMR/IBAKE3ETMC4g==	npm:node_modules/@typescript/typescript-win32-x64
npm	@vitejs/plugin-react	6.0.3	dev	true	registry:npmjs	sha512-vmFvco5/QuC2f9Oj+wTk0+9XeDFkHxSamwZKYc7MxYwKICfvUvlMhqKI0VuICPltGqh1neqBKDvO4kes1ya8vg==	npm:node_modules/@vitejs/plugin-react
npm	@vitest/expect	4.1.10	dev	false	registry:npmjs	sha512-YsCn+qAk1GWjQOWFEsEcL2gNQ0zmVmQu3T03qP6UyjhtmdtwtbuI+DASn/7iQB3HGTXkdBwGddzxPlmiql5vlA==	npm:node_modules/@vitest/expect
npm	@vitest/mocker	4.1.10	dev	false	registry:npmjs	sha512-v0xaezt+DKEmKfaxg133ldzADrwLGd7Ze1MfQQTYfvs8OqZIwbxyxaYURivwV7sWy5fqn3rH5uOrSp07bp44Ow==	npm:node_modules/@vitest/mocker
npm	@vitest/pretty-format	4.1.10	dev	false	registry:npmjs	sha512-W1HsjSH4MXQ9YfmmhLAoIYf1HRfekQCGngeIgcei6MP5QQGWUe0gkopdZQaVCFO+JDJMrAJGwa5pRpNpvy4P8Q==	npm:node_modules/@vitest/pretty-format
npm	@vitest/runner	4.1.10	dev	false	registry:npmjs	sha512-IKI6kpIH+LmpROplyLwBBaCfMgOZOMsygVa6BARD6ahA04VRuJSa6OaVG7kRvSEMD870Vd91rSSw0eegtWyLGg==	npm:node_modules/@vitest/runner
npm	@vitest/snapshot	4.1.10	dev	false	registry:npmjs	sha512-xRkfOT1qpTAi/Ti4Y1LtfRc3kEuqxGw59eN2jN9pRWMtS/XDevekhcFSqvQqjUNGksfjMJu3Y+oJ+4Ypn2OaJw==	npm:node_modules/@vitest/snapshot
npm	@vitest/spy	4.1.10	dev	false	registry:npmjs	sha512-PLf/Ugvoq5wO/b4rwYCR1h2PSIdXz7wnkQFMiUpLdtM7l6pqVFcQIBEHyT1+l+cj7mNwAfZHzqXqDyjvOuwbDw==	npm:node_modules/@vitest/spy
npm	@vitest/utils	4.1.10	dev	false	registry:npmjs	sha512-fy9am/HWxbaGt/Sawrp90vt6Y6jQwf1RX77cz3uwoJwJVMli/e1IEwRPnMNJ7vKfPTwo0diXifkpPvwH9v7nGA==	npm:node_modules/@vitest/utils
npm	ansi-regex	5.0.1	dev	false	registry:npmjs	sha512-quJQXlTSUGL2LH9SUXo8VwsY4soanhgo6LNSm84E1LBcE8s3O0wpdiRzyR9z/ZZJMlMWv37qOOb9pdJlMUEKFQ==	npm:node_modules/ansi-regex
npm	ansi-styles	5.2.0	dev	false	registry:npmjs	sha512-Cxwpt2SfTzTtXcfOlzGEee8O+c+MmUgGrNiBcXnuWxuFJHe6a5Hz7qwhwe5OgaSYI0IJvkLqWX1ASG+cJOkEiA==	npm:node_modules/ansi-styles
npm	aria-query	5.3.0	dev	false	registry:npmjs	sha512-b0P0sZPKtyu8HkeRAfCq0IfURZK+SuwMjY1UXGBU27wpAiTwQAIlq56IbIO+ytk/JjS1fMR14ee5WBBfKi5J6A==	npm:node_modules/aria-query
npm	assertion-error	2.0.1	dev	false	registry:npmjs	sha512-Izi8RQcffqCeNVgFigKli1ssklIbpHnCYc6AknXGYoB6grJqyeby7jv12JUQgmTAnIDnbck1uxksT4dzN3PWBA==	npm:node_modules/assertion-error
npm	axe-core	4.12.1	dev	true	registry:npmjs	sha512-s7iGf5GaVMxEG0ENN9x+xTr7GFZCb1ZP/1uATUpCEK2X78nDB3RwbtFCo9pGAf9ru+VwoQ464DkaLEeRM08wJA==	npm:node_modules/axe-core
npm	better-course-schedule-planner-frontend	0.0.1	runtime	true	repository:frontend/package.json	NOT_APPLICABLE_LOCAL	npm:.
npm	bidi-js	1.0.3	dev	false	registry:npmjs	sha512-RKshQI1R3YQ+n9YJz2QQ147P66ELpa1FQEg20Dk8oW9t2KgLbpDLLp9aGZ7y8WHSshDknG0bknqGw5/tyCs5tw==	npm:node_modules/bidi-js
npm	chai	6.2.2	dev	false	registry:npmjs	sha512-NUPRluOfOiTKBKvWPtSD4PhFvWCqOi0BGStNWs57X9js7XGTprSmFoz5F0tWhR4WPjNeR9jXqdC7/UpSJTnlRg==	npm:node_modules/chai
npm	convert-source-map	2.0.0	dev	false	registry:npmjs	sha512-Kvp459HrV2FEJ1CAsi1Ku+MY3kasH19TFykTz2xWmMeq6bk2NU3XXvfJ+Q61m0xktWwt+1HSYf3JZsTms3aRJg==	npm:node_modules/convert-source-map
npm	cookie	1.1.1	runtime	false	registry:npmjs	sha512-ei8Aos7ja0weRpFzJnEA9UHJ/7XQmqglbRwnf2ATjcB9Wq874VKH9kfjjirM6UhU2/E5fFYadylyhFldcqSidQ==	npm:node_modules/cookie
npm	css-tree	3.2.1	dev	false	registry:npmjs	sha512-X7sjQzceUhu1u7Y/ylrRZFU2FS6LRiFVp6rKLPg23y3x3c3DOKAwuXGDp+PAGjh6CSnCjYeAul8pcT8bAl+lSA==	npm:node_modules/css-tree
npm	csstype	3.2.3	dev	false	registry:npmjs	sha512-z1HGKcYy2xA8AGQfwrn0PAy+PB7X/GSj3UVJW9qKyn43xWa+gl5nXmU4qqLMRzWVLFC8KusUX8T/0kCiOYpAIQ==	npm:node_modules/csstype
npm	data-urls	7.0.0	dev	false	registry:npmjs	sha512-23XHcCF+coGYevirZceTVD7NdJOqVn+49IHyxgszm+JIiHLoB2TkmPtsYkNWT1pvRSGkc35L6NHs0yHkN2SumA==	npm:node_modules/data-urls
npm	decimal.js	10.6.0	dev	false	registry:npmjs	sha512-YpgQiITW3JXGntzdUmyUR1V812Hn8T1YVXhCu+wO3OpS4eU9l4YdD3qjyiKdV6mvV29zapkMeD390UVEf2lkUg==	npm:node_modules/decimal.js
npm	dequal	2.0.3	dev	false	registry:npmjs	sha512-0je+qPKHEMohvfRTCEo3CrPG6cAzAYgmzKyxRiYSSDkS6eGJdyVJm7WaYA5ECaAD9wLB2T4EEeymA5aFVcYXCA==	npm:node_modules/dequal
npm	detect-libc	2.1.2	dev	false	registry:npmjs	sha512-Btj2BOOO83o3WyH59e8MgXsxEQVcarkUOpEYrubB0urwnN10yQ364rsiByU11nZlqWYZm05i/of7io4mzihBtQ==	npm:node_modules/detect-libc
npm	dom-accessibility-api	0.5.16	dev	false	registry:npmjs	sha512-X7BJ2yElsnOJ30pZF4uIIDfBEVgF4XEBxL9Bxhy6dnrm5hkzqmsWHGTiHqRiITNhMyFLyAiWndIJP7Z1NTteDg==	npm:node_modules/dom-accessibility-api
npm	entities	8.0.0	dev	false	registry:npmjs	sha512-zwfzJecQ/Uej6tusMqwAqU/6KL2XaB2VZ2Jg54Je6ahNBGNH6Ek6g3jjNCF0fG9EWQKGZNddNjU5F1ZQn/sBnA==	npm:node_modules/entities
npm	es-module-lexer	2.3.1	dev	false	registry:npmjs	sha512-shc1dbU90Yl/xq1QrC7QRtfcwURZuVRfPhZbDoldJ1cn1gzDvBaBWlv0eFolj5+0znnPJz5TXLxsN77X/12KTA==	npm:node_modules/es-module-lexer
npm	estree-walker	3.0.3	dev	false	registry:npmjs	sha512-7RUKfXgSMMkzt6ZuXmqapOurLGPPfgj6l9uRZ7lRGolvk0y2yocc35LdcxKC5PQZdn2DMqioAQ2NoWcrTKmm6g==	npm:node_modules/estree-walker
npm	expect-type	1.4.0	dev	false	registry:npmjs	sha512-KfYbmpRm0VbLjEvVa9yGwCi9GI34xvi7A/HXYWQO65CSD2u3MczUJSuwXKFIxlGsgBQizV9q5J9NHj4VG0n+pA==	npm:node_modules/expect-type
npm	fdir	6.5.0	dev	false	registry:npmjs	sha512-tIbYtZbucOs0BRGqPJkshJUYdL+SDH7dVM8gjy+ERp3WAUjLEFJE+02kanyHtwjWOnwrKYBiwAmM0p4kLJAnXg==	npm:node_modules/fdir
npm	fsevents	2.3.2	dev	false	registry:npmjs	sha512-xiqMQR4xAeHTuB9uWm+fFRcIOgKBMiOBP+eXiyT7jsgVCq1bkVygt00oASowB7EdtpOHaaPgKt812P9ab+DDKA==	npm:node_modules/fsevents
npm	fsevents	2.3.3	dev	false	registry:npmjs	sha512-5xoDfX+fL7faATnagmWPpbFtwh/R77WmMMqqHGS65C3vvB0YHrgF+B1YmZ3441tMj5n63k0212XNoJwzlhffQw==	npm:node_modules/vite/node_modules/fsevents
npm	html-encoding-sniffer	6.0.0	dev	false	registry:npmjs	sha512-CV9TW3Y3f8/wT0BRFc1/KAVQ3TUHiXmaAb6VW9vtiMFf7SLoMd1PdAc4W3KFOFETBJUb90KatHqlsZMWV+R9Gg==	npm:node_modules/html-encoding-sniffer
npm	html-parse-stringify	3.0.1	runtime	false	registry:npmjs	sha512-KknJ50kTInJ7qIScF3jeaFRpMpE8/lfiTdzf/twXyPBLAGrLRTmkz3AdTnKeh40X8k9L2fdYwEp/42WGXIRGcg==	npm:node_modules/html-parse-stringify
npm	i18next	26.3.6	runtime	true	registry:npmjs	sha512-Bu5Z2nAXgfVyM8xvW3jk9EKRIuX37PudsrBViThNFx7CR7aaYTpP01cxNB/E4c4UUzTDiAZRstEhsRfPOL/8xA==	npm:node_modules/i18next
npm	is-potential-custom-element-name	1.0.1	dev	false	registry:npmjs	sha512-bCYeRA2rVibKZd+s2625gGnGF/t7DSqDs4dP7CrLA1m7jKWz6pps0LpYLJN8Q64HtmPKJ1hrN3nzPNKFEKOUiQ==	npm:node_modules/is-potential-custom-element-name
npm	js-tokens	4.0.0	dev	false	registry:npmjs	sha512-RdJUflcE3cUzKiMqQgsCu06FPu9UdIJO0beYbPhHN4k6apgJtifcoCtT9bcxOpYBtpD2kCM6Sbzg4CausW/PKQ==	npm:node_modules/js-tokens
npm	jsdom	29.1.1	dev	true	registry:npmjs	sha512-ECi4Fi2f7BdJtUKTflYRTiaMxIB0O6zfR1fX0GXpUrf6flp8QIYn1UT20YQqdSOfk2dfkCwS8LAFoJDEppNK5Q==	npm:node_modules/jsdom
npm	lightningcss	1.32.0	dev	false	registry:npmjs	sha512-NXYBzinNrblfraPGyrbPoD19C1h9lfI/1mzgWYvXUTe414Gz/X1FD2XBZSZM7rRTrMA8JL3OtAaGifrIKhQ5yQ==	npm:node_modules/lightningcss
npm	lightningcss-android-arm64	1.32.0	dev	false	registry:npmjs	sha512-YK7/ClTt4kAK0vo6w3X+Pnm0D2cf2vPHbhOXdoNti1Ga0al1P4TBZhwjATvjNwLEBCnKvjJc2jQgHXH0NEwlAg==	npm:node_modules/lightningcss-android-arm64
npm	lightningcss-darwin-arm64	1.32.0	dev	false	registry:npmjs	sha512-RzeG9Ju5bag2Bv1/lwlVJvBE3q6TtXskdZLLCyfg5pt+HLz9BqlICO7LZM7VHNTTn/5PRhHFBSjk5lc4cmscPQ==	npm:node_modules/lightningcss-darwin-arm64
npm	lightningcss-darwin-x64	1.32.0	dev	false	registry:npmjs	sha512-U+QsBp2m/s2wqpUYT/6wnlagdZbtZdndSmut/NJqlCcMLTWp5muCrID+K5UJ6jqD2BFshejCYXniPDbNh73V8w==	npm:node_modules/lightningcss-darwin-x64
npm	lightningcss-freebsd-x64	1.32.0	dev	false	registry:npmjs	sha512-JCTigedEksZk3tHTTthnMdVfGf61Fky8Ji2E4YjUTEQX14xiy/lTzXnu1vwiZe3bYe0q+SpsSH/CTeDXK6WHig==	npm:node_modules/lightningcss-freebsd-x64
npm	lightningcss-linux-arm-gnueabihf	1.32.0	dev	false	registry:npmjs	sha512-x6rnnpRa2GL0zQOkt6rts3YDPzduLpWvwAF6EMhXFVZXD4tPrBkEFqzGowzCsIWsPjqSK+tyNEODUBXeeVHSkw==	npm:node_modules/lightningcss-linux-arm-gnueabihf
npm	lightningcss-linux-arm64-gnu	1.32.0	dev	false	registry:npmjs	sha512-0nnMyoyOLRJXfbMOilaSRcLH3Jw5z9HDNGfT/gwCPgaDjnx0i8w7vBzFLFR1f6CMLKF8gVbebmkUN3fa/kQJpQ==	npm:node_modules/lightningcss-linux-arm64-gnu
npm	lightningcss-linux-arm64-musl	1.32.0	dev	false	registry:npmjs	sha512-UpQkoenr4UJEzgVIYpI80lDFvRmPVg6oqboNHfoH4CQIfNA+HOrZ7Mo7KZP02dC6LjghPQJeBsvXhJod/wnIBg==	npm:node_modules/lightningcss-linux-arm64-musl
npm	lightningcss-linux-x64-gnu	1.32.0	dev	false	registry:npmjs	sha512-V7Qr52IhZmdKPVr+Vtw8o+WLsQJYCTd8loIfpDaMRWGUZfBOYEJeyJIkqGIDMZPwPx24pUMfwSxxI8phr/MbOA==	npm:node_modules/lightningcss-linux-x64-gnu
npm	lightningcss-linux-x64-musl	1.32.0	dev	false	registry:npmjs	sha512-bYcLp+Vb0awsiXg/80uCRezCYHNg1/l3mt0gzHnWV9XP1W5sKa5/TCdGWaR/zBM2PeF/HbsQv/j2URNOiVuxWg==	npm:node_modules/lightningcss-linux-x64-musl
npm	lightningcss-win32-arm64-msvc	1.32.0	dev	false	registry:npmjs	sha512-8SbC8BR40pS6baCM8sbtYDSwEVQd4JlFTOlaD3gWGHfThTcABnNDBda6eTZeqbofalIJhFx0qKzgHJmcPTnGdw==	npm:node_modules/lightningcss-win32-arm64-msvc
npm	lightningcss-win32-x64-msvc	1.32.0	dev	false	registry:npmjs	sha512-Amq9B/SoZYdDi1kFrojnoqPLxYhQ4Wo5XiL8EVJrVsB8ARoC1PWW6VGtT0WKCemjy8aC+louJnjS7U18x3b06Q==	npm:node_modules/lightningcss-win32-x64-msvc
npm	lru-cache	11.5.2	dev	false	registry:npmjs	sha512-4pfM1Ff0x50o0tQwb5ucw/RzNyD0/YJME6IVcStalZuMWxdt3sR3huStTtxz4PUmvZfRguvDejasvQ2kifR11g==	npm:node_modules/lru-cache
npm	lz-string	1.5.0	dev	false	registry:npmjs	sha512-h5bgJWpxJNswbU7qCrV0tIKQCaS3blPDrqKWx+QxzuzL1zGUzij9XCWLrSLsJPu5t+eWA/ycetzYAO5IOMcWAQ==	npm:node_modules/lz-string
npm	magic-string	0.30.21	dev	false	registry:npmjs	sha512-vd2F4YUyEXKGcLHoq+TEyCjxueSeHnFxyyjNp80yg0XV4vUhnDer/lvvlqM/arB5bXQN5K2/3oinyCRyx8T2CQ==	npm:node_modules/magic-string
npm	mdn-data	2.27.1	dev	false	registry:npmjs	sha512-9Yubnt3e8A0OKwxYSXyhLymGW4sCufcLG6VdiDdUGVkPhpqLxlvP5vl1983gQjJl3tqbrM731mjaZaP68AgosQ==	npm:node_modules/mdn-data
npm	nanoid	3.3.16	dev	false	registry:npmjs	sha512-bzlKTyNJ7+LdGIIwy8ijFpIqEQIvafahV7eYykJ8Cvh42EdJeODoJ6gUJXpQJvej1BddH8OqTXZNE/KfbWAu8Q==	npm:node_modules/nanoid
npm	obug	2.1.3	dev	false	registry:npmjs	sha512-9miFgM2OFba7hB+pRgvtV84pYTBaoTHohvmIgiRt6dRIzbwEOIaNaP+dIlGs2fNFoB0SeISs0Jz5WFVRid6Xyg==	npm:node_modules/obug
npm	parse5	8.0.1	dev	false	registry:npmjs	sha512-z1e/HMG90obSGeidlli3hj7cbocou0/wa5HacvI3ASx34PecNjNQeaHNo5WIZpWofN9kgkqV1q5YvXe3F0FoPw==	npm:node_modules/parse5
npm	pathe	2.0.3	dev	false	registry:npmjs	sha512-WUjGcAqP1gQacoQe+OBJsFA7Ld4DyXuUIjZ5cc75cLHvJ7dtNsTugphxIADwspS+AraAUePCKrSVtPLFj/F88w==	npm:node_modules/pathe
npm	picocolors	1.1.1	dev	false	registry:npmjs	sha512-xceH2snhtb5M9liqDsmEw56le376mTZkEX/jEb/RxNFyegNul7eNslCXP9FDj/Lcu0X8KEyMceP2ntpaHrDEVA==	npm:node_modules/picocolors
npm	picomatch	4.0.5	dev	false	registry:npmjs	sha512-RvwwcruNjI1ncT5xRakeyS9Lf8lcItv34KD+aif+VH9kduAyfYBipGh12274xtenIPZ119/R9BdTBa8gAwSh0A==	npm:node_modules/picomatch
npm	playwright	1.61.1	dev	true	registry:npmjs	sha512-DWnY5o3YbLWK4GovuAVwpqL+1VwGNdUGrRr++8j8PtQQzvAVZUIMjKQ90fY689sEJZJBbZVw1rXaOKSTitkzPQ==	npm:node_modules/playwright
npm	playwright-core	1.61.1	dev	false	registry:npmjs	sha512-h7Qlt6m4REp25qvIdvbDtVmD4LqVXfpRxhORv9L0jzETM05p4fuPJ3dKyuSXQxDSbXnmS79HAgi9589lGSpLkg==	npm:node_modules/playwright-core
npm	postcss	8.5.19	dev	false	registry:npmjs	sha512-Mz8SaolMd8nB+G13WkORcxQKHZ/NE4xXevtkJHVuG+guo9/wYKlIMTKAqGdEmYOXR2ijPjTYNHssizdaVSUNdQ==	npm:node_modules/postcss
npm	pretty-format	27.5.1	dev	false	registry:npmjs	sha512-Qb1gy5OrP5+zDf2Bvnzdl3jsTf1qXVMazbvCoKhtKqVs4/YK4ozX4gKQJJVyNe+cajNPn0KoC0MC3FUmaHWEmQ==	npm:node_modules/pretty-format
npm	punycode	2.3.1	dev	false	registry:npmjs	sha512-vYt7UD1U9Wg6138shLtLOvdAu+8DsC/ilFtEVHcH+wydcSpNE20AfSOduf6MkRFahL5FY7X1oU7nKVZFtfq8Fg==	npm:node_modules/punycode
npm	react	19.2.7	runtime	true	registry:npmjs	sha512-HNe9WslTbXmFK8o8cmwgAeJFSBvt1bPdHCVKtaaV+WlAN36mpT4hcRpwbf3fY56ar2oIXzsBpOAiIRHAdY0OlQ==	npm:node_modules/react
npm	react-dom	19.2.7	runtime	true	registry:npmjs	sha512-t0BRVXvbiE/o20Hfw669rLbMCDWtYZLvmJigy2f0MxsXF+71pxhR3xOkspmsO8h3ZlNzyibAmtCa3l4lYKk6gQ==	npm:node_modules/react-dom
npm	react-i18next	17.0.9	runtime	true	registry:npmjs	sha512-buLzOSqHtXxjf+qgSrLWNTXVZ1jSwO6kUv3uJqSP1roGBPgNnbhFm7OmdVwWcgf2gIbUyP0J333uPyx+Btsi3w==	npm:node_modules/react-i18next
npm	react-is	17.0.2	dev	false	registry:npmjs	sha512-w2GsyukL62IJnlaff/nRegPQR94C/XXamvMWmSHRJ4y7Ts/4ocGRmTHvOs8PSE6pB3dWOrD/nueuU5sduBsQ4w==	npm:node_modules/react-is
npm	react-router	7.18.1	runtime	false	registry:npmjs	sha512-GDLgg3i3uM0aeJO3Fm+TCS+sDQ7gu12T6x0qdTEzcwqEfleci7JwugVNIF3U//0FWKnJT7ptG+20B2jfDqnZAg==	npm:node_modules/react-router
npm	react-router-dom	7.18.1	runtime	true	registry:npmjs	sha512-KaZh+X/6UtEp28x51AUYZDMg9NGoz2ja3dNHa+ta/tk40vCzKhQ/RypCWBMLbmDr6//E24Vv5uPsrqXFozdkAg==	npm:node_modules/react-router-dom
npm	require-from-string	2.0.2	dev	false	registry:npmjs	sha512-Xf0nWe6RseziFMu+Ap9biiUbmplq6S9/p+7w7YXP/JBHhrUDDUhwa+vANyubuqfZWTveU//DYVGsDG7RKL/vEw==	npm:node_modules/require-from-string
npm	rolldown	1.1.5	dev	false	registry:npmjs	sha512-t9z29cJjXf/vxQ8dyhCSpt6H6aSwHTk8cT5I3iy6SMXuFpk5mB6PL6XfC8PCwrPTx93udwKUm9HRteAlTGBLiA==	npm:node_modules/rolldown
npm	saxes	6.0.0	dev	false	registry:npmjs	sha512-xAg7SOnEhrm5zI3puOOKyy1OMcMlIJZYNJY7xLBwSze0UjhPLnWfj2GF2EpT0jmzaJKIWKHLsaSSajf35bcYnA==	npm:node_modules/saxes
npm	scheduler	0.27.0	runtime	false	registry:npmjs	sha512-eNv+WrVbKu1f3vbYJT/xtiF5syA5HPIMtf9IgY/nKg0sWqzAUEvqY/xm7OcZc/qafLx/iO9FgOmeSAp4v5ti/Q==	npm:node_modules/scheduler
npm	set-cookie-parser	2.7.2	runtime	false	registry:npmjs	sha512-oeM1lpU/UvhTxw+g3cIfxXHyJRc/uidd3yK1P242gzHds0udQBYzs3y8j4gCCW+ZJ7ad0yctld8RYO+bdurlvw==	npm:node_modules/set-cookie-parser
npm	siginfo	2.0.0	dev	false	registry:npmjs	sha512-ybx0WO1/8bSBLEWXZvEd7gMW3Sn3JFlW3TvX1nREbDLRNQNaeNN8WK0meBwPdAaOI7TtRRRJn/Es1zhrrCHu7g==	npm:node_modules/siginfo
npm	source-map-js	1.2.1	dev	false	registry:npmjs	sha512-UXWMKhLOwVKb728IUtQPXxfYU+usdybtUrK/8uGE8CQMvrhOpwvzDBwj0QhSL7MQc7vIsISBG8VQ8+IDQxpfQA==	npm:node_modules/source-map-js
npm	stackback	0.0.2	dev	false	registry:npmjs	sha512-1XMJE5fQo1jGH6Y/7ebnwPOBEkIEnT4QF32d5R1+VXdXveM0IBMJt8zfaxX1P3QhVwrYe+576+jkANtSS2mBbw==	npm:node_modules/stackback
npm	std-env	4.2.0	dev	false	registry:npmjs	sha512-oCUKSupKTHX53EyjDtuZQ64pjLJ6yYCtpmEw0goYxtjG9KpbRe8KAsl2tBUGU9DyMcJ0RwJ8GqJAFzMXcXW1Rw==	npm:node_modules/std-env
npm	symbol-tree	3.2.4	dev	false	registry:npmjs	sha512-9QNk5KwDF+Bvz+PyObkmSYjI5ksVUYtjW7AU22r2NKcfLJcXp96hkDWU3+XndOsUb+AQ9QhfzfCT2O+CNWT5Tw==	npm:node_modules/symbol-tree
npm	tinybench	2.9.0	dev	false	registry:npmjs	sha512-0+DUvqWMValLmha6lr4kD8iAMK1HzV0/aKnCtWb9v9641TnP/MFb7Pc2bxoxQjTXAErryXVgUOfv2YqNllqGeg==	npm:node_modules/tinybench
npm	tinyexec	1.2.4	dev	false	registry:npmjs	sha512-SHf/r48b7vOrjve9PxJo3MN5v5yuyjHvdUcrQffT3WXMUfnGmHDVbC4k3sHJaJTgZCwpUplIaAo5ANtMyp3YHg==	npm:node_modules/tinyexec
npm	tinyglobby	0.2.17	dev	false	registry:npmjs	sha512-wXR/dYpcqKmfWpEdZjiKJOwCNFndD0DMnrW/cYjVGttEkBfVgcLFHoNrlj47mjOVic9yyNu65alsgF4NQyTa2g==	npm:node_modules/tinyglobby
npm	tinyrainbow	3.1.0	dev	false	registry:npmjs	sha512-Bf+ILmBgretUrdJxzXM0SgXLZ3XfiaUuOj/IKQHuTXip+05Xn+uyEYdVg0kYDipTBcLrCVyUzAPz7QmArb0mmw==	npm:node_modules/tinyrainbow
npm	tldts	7.4.8	dev	false	registry:npmjs	sha512-htwgN/8KRB3z3vnC0BOETVh2m499g5GmyTK9Wq5JBLX3FNz6tSBveAd+fQhzy9hkjif8vy2jwDMR1sGhLtZl2A==	npm:node_modules/tldts
npm	tldts-core	7.4.8	dev	false	registry:npmjs	sha512-c1P7u0EhACHj7lPy4MJm8iTFEU8+nB0LCtddH0fhP7noaVoXAqafMtOOeX+ulpuPBqnrRgRhw494RICT3mbhnw==	npm:node_modules/tldts-core
npm	tough-cookie	6.0.2	dev	false	registry:npmjs	sha512-exgYmnmL/sJpR3upZfXG5PoatXQii55xAiXGXzY+sROLZ/Y+SLcp9PgJNI9Vz37HpQ74WvDcLT8eqm+kV3FzrA==	npm:node_modules/tough-cookie
npm	tr46	6.0.0	dev	false	registry:npmjs	sha512-bLVMLPtstlZ4iMQHpFHTR7GAGj2jxi8Dg0s2h2MafAE4uSWF98FC/3MomU51iQAMf8/qDUbKWf5GxuvvVcXEhw==	npm:node_modules/tr46
npm	tslib	2.8.1	dev	false	registry:npmjs	sha512-oJFu94HQb+KVduSUQL7wnpmqnfmLsOA/nAh6b6EH0wCEoK0/mPeXU6c3wKDV83MkOuHPRHtSXKKU99IBazS/2w==	npm:node_modules/tslib
npm	typescript	7.0.2	runtime	true	registry:npmjs	sha512-8FYau96o3NKOhbjKi/qNvG/W5jhzxkbdm5sj9AbZ/5T5sWqn3hJgLfGx27sRKZWTvyzCP8dLRBTf5tBTSRVUNA==	npm:node_modules/typescript
npm	undici	7.28.0	dev	false	registry:npmjs	sha512-cRZYrTDwWznlnRiPjggAGxZXanty6M8RV1ff8Wm4LWXBp7/IG8v5DnOm74DtUBp9OONpK75YlPnIjQqX0dBDtA==	npm:node_modules/undici
npm	undici-types	7.28.0	dev	false	registry:npmjs	sha512-LJAfY+2w6HGeT8d8J1wNQsUGUEGio6NWWpwdwurQe4f6oojzCFuGLizl1KSve4irsTxyLly1QhEeE6iapdaIvQ==	npm:node_modules/undici-types
npm	undici-types	8.3.0	dev	false	registry:npmjs	sha512-j375ScV60dom+YkPFIfTLcOiPxkN/buHz5GobjLhixFuANaNs3C9l4GmrWqejgXWJ7BbJcFYpTEUkS1Ge8bpZQ==	npm:node_modules/@types/node/node_modules/undici-types
npm	use-sync-external-store	1.6.0	runtime	false	registry:npmjs	sha512-Pp6GSwGP/NrPIrxVFAIkOQeyw8lFenOHijQWkUTrDvrF4ALqylP2C/KCkeS9dpUM3KvYRQhna5vt7IL95+ZQ9w==	npm:node_modules/use-sync-external-store
npm	vite	8.1.4	dev	true	registry:npmjs	sha512-bTT9PsdWO+MQMNG9ZXIP/qM9wGh37DFxTV/sPq9cFpHr3w4jkgef032PkAL9jAqhk3Nz8NQw3O8n6/xFkqO4QQ==	npm:node_modules/vite
npm	vitest	4.1.10	dev	true	registry:npmjs	sha512-R9jUTe5S4Qb0HCd4TNqpC7oGcrMssMRGXLW80ubjWsW9VH5GF8y1Y0SFLY9AbqSk6nt0PnOx4H4WNJYZ13GUPw==	npm:node_modules/vitest
npm	void-elements	3.1.0	runtime	false	registry:npmjs	sha512-Dhxzh5HZuiHQhbvTW9AMetFfBHDMYpo23Uo9btPXgdYP+3T5S+p+jgNy7spra+veYhBP2dCSgxR/i2Y02h5/6w==	npm:node_modules/void-elements
npm	w3c-xmlserializer	5.0.0	dev	false	registry:npmjs	sha512-o8qghlI8NZHU1lLPrpi2+Uq7abh4GGPpYANlalzWxyWteJOCsr/P+oPBA49TOLu5FTZO4d3F9MnWJfiMo4BkmA==	npm:node_modules/w3c-xmlserializer
npm	webidl-conversions	8.0.1	dev	false	registry:npmjs	sha512-BMhLD/Sw+GbJC21C/UgyaZX41nPt8bUTg+jWyDeg7e7YN4xOM05YPSIXceACnXVtqyEw/LMClUQMtMZ+PGGpqQ==	npm:node_modules/webidl-conversions
npm	whatwg-mimetype	5.0.0	dev	false	registry:npmjs	sha512-sXcNcHOC51uPGF0P/D4NVtrkjSU2fNsm9iog4ZvZJsL3rjoDAzXZhkm2MWt1y+PUdggKAYVoMAIYcs78wJ51Cw==	npm:node_modules/whatwg-mimetype
npm	whatwg-url	16.0.1	dev	false	registry:npmjs	sha512-1to4zXBxmXHV3IiSSEInrreIlu02vUOvrhxJJH5vcxYTBDAx51cqZiKdyTxlecdKNSjj8EcxGBxNf6Vg+945gw==	npm:node_modules/whatwg-url
npm	why-is-node-running	2.3.0	dev	false	registry:npmjs	sha512-hUrmaWBdVDcxvYqnyh09zunKzROWjbZTiNy8dBEjkS7ehEDQibXJ7XvlmtbwuTclUiIyN+CyXQD4Vmko8fNm8w==	npm:node_modules/why-is-node-running
npm	xml-name-validator	5.0.0	dev	false	registry:npmjs	sha512-EvGK8EJ3DhaHfbRlETOWAS5pO9MZITeauHKJyb8wyajUfQUenkIg2MvLDTZ4T/TgIcm3HU0TFBgWWboAZ30UHg==	npm:node_modules/xml-name-validator
npm	xmlchars	2.2.0	dev	false	registry:npmjs	sha512-JZnDKK8B0RCDw84FNdDAIpZK+JuJw+s7Lz8nksI7SIuU3UXJJslUthsi+uWBUYOwPFwW7W7PRLRfUKpxjtjFCw==	npm:node_modules/xmlchars
rust	adler2	2.0.1	runtime	false	registry+https://github.com/rust-lang/crates.io-index	320119579fcad9c21884f5c4861d16174d0e06250625266f50fe6898340abefa	cargo:adler2@2.0.1:crates.io
rust	aho-corasick	1.1.4	runtime	false	registry+https://github.com/rust-lang/crates.io-index	ddd31a130427c27518df266943a5308ed92d4b226cc639f5a8f1002816174301	cargo:aho-corasick@1.1.4:crates.io
rust	async-compression	0.4.42	runtime	false	registry+https://github.com/rust-lang/crates.io-index	e79b3f8a79cccc2898f31920fc69f304859b3bd567490f75ebf51ae1c792a9ac	cargo:async-compression@0.4.42:crates.io
rust	atomic-waker	1.1.2	runtime	false	registry+https://github.com/rust-lang/crates.io-index	1505bd5d3d116872e7271a6d4e16d81d0c8570876c8de68093a09ac269d8aac0	cargo:atomic-waker@1.1.2:crates.io
rust	autocfg	1.5.1	dev	false	registry+https://github.com/rust-lang/crates.io-index	f2032f911046de80f0a198e0901378627c33f59ea0ac00e363d481118bd70a53	cargo:autocfg@1.5.1:crates.io
rust	aws-lc-rs	1.17.1	runtime	false	registry+https://github.com/rust-lang/crates.io-index	4342d8937fc7e5dd9b1c60292261c0670c882a2cd1719cfc11b1af41731e32ad	cargo:aws-lc-rs@1.17.1:crates.io
rust	aws-lc-sys	0.42.0	runtime	false	registry+https://github.com/rust-lang/crates.io-index	6d9ceb1da931507a12f4fccea479dccd00da1943e1b4ae72d8e502d707361444	cargo:aws-lc-sys@0.42.0:crates.io
rust	axum	0.8.9	runtime	true	registry+https://github.com/rust-lang/crates.io-index	31b698c5f9a010f6573133b09e0de5408834d0c82f8d7475a89fc1867a71cd90	cargo:axum@0.8.9:crates.io
rust	axum-core	0.5.6	runtime	false	registry+https://github.com/rust-lang/crates.io-index	08c78f31d7b1291f7ee735c1c6780ccde7785daae9a9206026862dab7d8792d1	cargo:axum-core@0.5.6:crates.io
rust	base64	0.22.1	runtime	false	registry+https://github.com/rust-lang/crates.io-index	72b3254f16251a8381aa12e40e3c4d2f0199f8c6508fbecb9d91f575e0fbb8c6	cargo:base64@0.22.1:crates.io
rust	bit-set	0.8.0	dev	false	registry+https://github.com/rust-lang/crates.io-index	08807e080ed7f9d5433fa9b275196cfc35414f66a0c79d864dc51a0d825231a3	cargo:bit-set@0.8.0:crates.io
rust	bit-vec	0.8.0	dev	false	registry+https://github.com/rust-lang/crates.io-index	5e764a1d40d510daf35e07be9eb06e75770908c27d411ee6c92109c9840eaaf7	cargo:bit-vec@0.8.0:crates.io
rust	bitflags	1.3.2	runtime	false	registry+https://github.com/rust-lang/crates.io-index	bef38d45163c2f1dde094a7dfd33ccf595c92905c8f8f4fdc18d06fb1037718a	cargo:bitflags@1.3.2:crates.io
rust	bitflags	2.13.0	runtime	false	registry+https://github.com/rust-lang/crates.io-index	b4388bee8683e3d04af747c73422af53102d2bd24d9eadb6cbc100baef4b43f8	cargo:bitflags@2.13.0:crates.io
rust	block-buffer	0.10.4	runtime	false	registry+https://github.com/rust-lang/crates.io-index	3078c7629b62d3f0439517fa394996acacc5cbc91c5a20d8c658e77abd503a71	cargo:block-buffer@0.10.4:crates.io
rust	bumpalo	3.20.3	runtime	false	registry+https://github.com/rust-lang/crates.io-index	72f5acc6cb2ba439de613abc23857ec3d78374d8ed5ac84e9d11336e87da8649	cargo:bumpalo@3.20.3:crates.io
rust	bytes	1.12.1	runtime	false	registry+https://github.com/rust-lang/crates.io-index	fc652a48c352aef3ea3aed32080501cf3ef6ed5da78602a020c991775b0aff04	cargo:bytes@1.12.1:crates.io
rust	cc	1.2.67	runtime	false	registry+https://github.com/rust-lang/crates.io-index	e17dd265a7d0f31ef544e1b20e03add05d3b45b491b633b10d67145d2acc1a38	cargo:cc@1.2.67:crates.io
rust	cfg-if	1.0.4	runtime	false	registry+https://github.com/rust-lang/crates.io-index	9330f8b2ff13f34540b44e946ef35111825727b38d33286ef986142615121801	cargo:cfg-if@1.0.4:crates.io
rust	cfg_aliases	0.2.1	runtime	false	registry+https://github.com/rust-lang/crates.io-index	613afe47fcd5fac7ccf1db93babcb082c5994d996f20b8b159f2ad1658eb5724	cargo:cfg_aliases@0.2.1:crates.io
rust	chacha20	0.10.1	runtime	false	registry+https://github.com/rust-lang/crates.io-index	d524456ba66e72eb8b115ff89e01e497f8e6d11d78b70b1aa13c0fbd97540a81	cargo:chacha20@0.10.1:crates.io
rust	cmake	0.1.58	runtime	false	registry+https://github.com/rust-lang/crates.io-index	c0f78a02292a74a88ac736019ab962ece0bc380e3f977bf72e376c5d78ff0678	cargo:cmake@0.1.58:crates.io
rust	combine	4.6.7	runtime	false	registry+https://github.com/rust-lang/crates.io-index	ba5a308b75df32fe02788e748662718f03fde005016435c444eea572398219fd	cargo:combine@4.6.7:crates.io
rust	compression-codecs	0.4.38	runtime	false	registry+https://github.com/rust-lang/crates.io-index	ce2548391e9c1929c21bf6aa2680af86fe4c1b33e6cea9ac1cfeec0bd11218cf	cargo:compression-codecs@0.4.38:crates.io
rust	compression-core	0.4.32	runtime	false	registry+https://github.com/rust-lang/crates.io-index	cc14f565cf027a105f7a44ccf9e5b424348421a1d8952a8fc9d499d313107789	cargo:compression-core@0.4.32:crates.io
rust	core-foundation	0.10.1	runtime	false	registry+https://github.com/rust-lang/crates.io-index	b2a6cd9ae233e7f62ba4e9353e81a88df7fc8a5987b8d445b4d90c879bd156f6	cargo:core-foundation@0.10.1:crates.io
rust	core-foundation-sys	0.8.7	runtime	false	registry+https://github.com/rust-lang/crates.io-index	773648b94d0e5d620f64f280777445740e61fe701025087ec8b57f45c791888b	cargo:core-foundation-sys@0.8.7:crates.io
rust	cpufeatures	0.2.17	runtime	false	registry+https://github.com/rust-lang/crates.io-index	59ed5838eebb26a2bb2e58f6d5b5316989ae9d08bab10e0e6d103e656d1b0280	cargo:cpufeatures@0.2.17:crates.io
rust	cpufeatures	0.3.0	runtime	false	registry+https://github.com/rust-lang/crates.io-index	8b2a41393f66f16b0823bb79094d54ac5fbd34ab292ddafb9a0456ac9f87d201	cargo:cpufeatures@0.3.0:crates.io
rust	crc32fast	1.5.0	runtime	false	registry+https://github.com/rust-lang/crates.io-index	9481c1c90cbf2ac953f07c8d4a58aa3945c425b7185c9154d67a65e4230da511	cargo:crc32fast@1.5.0:crates.io
rust	crypto-common	0.1.7	runtime	false	registry+https://github.com/rust-lang/crates.io-index	78c8292055d1c1df0cce5d180393dc8cce0abec0a7102adb6c7b1eef6016d60a	cargo:crypto-common@0.1.7:crates.io
rust	data-encoding	2.11.0	runtime	false	registry+https://github.com/rust-lang/crates.io-index	a4ae5f15dda3c708c0ade84bfee31ccab44a3da4f88015ed22f63732abe300c8	cargo:data-encoding@2.11.0:crates.io
rust	defmt	1.1.1	runtime	false	registry+https://github.com/rust-lang/crates.io-index	e2953bfe4f93bbd20cc71198842756f77d161884c99ebbabc41d80231ded88d1	cargo:defmt@1.1.1:crates.io
rust	defmt-macros	1.1.1	runtime	false	registry+https://github.com/rust-lang/crates.io-index	bad9c72e7ca2137e0dc3813245a0d282fd6daad32fd800af018306a9169b5fe8	cargo:defmt-macros@1.1.1:crates.io
rust	defmt-parser	1.0.0	runtime	false	registry+https://github.com/rust-lang/crates.io-index	10d60334b3b2e7c9d91ef8150abfb6fa4c1c39ebbcf4a81c2e346aad939fee3e	cargo:defmt-parser@1.0.0:crates.io
rust	deranged	0.5.8	runtime	false	registry+https://github.com/rust-lang/crates.io-index	7cd812cc2bc1d69d4764bd80df88b4317eaef9e773c75226407d9bc0876b211c	cargo:deranged@0.5.8:crates.io
rust	digest	0.10.7	runtime	false	registry+https://github.com/rust-lang/crates.io-index	9ed9a281f7bc9b7576e61468ba615a66a5c8cfdff42420a70aa82701a3b1e292	cargo:digest@0.10.7:crates.io
rust	displaydoc	0.2.6	runtime	false	registry+https://github.com/rust-lang/crates.io-index	1ac70aa55017e108007fbaf5aa0f54b021c98f92ff8af59d42eda9da96e3dd4f	cargo:displaydoc@0.2.6:crates.io
rust	dunce	1.0.5	runtime	false	registry+https://github.com/rust-lang/crates.io-index	92773504d58c093f6de2459af4af33faa518c13451eb8f2b5698ed3d36e7c813	cargo:dunce@1.0.5:crates.io
rust	errno	0.3.14	runtime	false	registry+https://github.com/rust-lang/crates.io-index	39cab71617ae0d63f51a36d69f866391735b51691dbda63cf6f96d042b63efeb	cargo:errno@0.3.14:crates.io
rust	fallible-iterator	0.3.0	runtime	false	registry+https://github.com/rust-lang/crates.io-index	2acce4a10f12dc2fb14a218589d4f1f62ef011b2d0cc4b3cb1bba8e94da14649	cargo:fallible-iterator@0.3.0:crates.io
rust	fallible-streaming-iterator	0.1.9	runtime	false	registry+https://github.com/rust-lang/crates.io-index	7360491ce676a36bf9bb3c56c1aa791658183a54d2744120f27285738d90465a	cargo:fallible-streaming-iterator@0.1.9:crates.io
rust	fastrand	2.4.1	dev	false	registry+https://github.com/rust-lang/crates.io-index	9f1f227452a390804cdb637b74a86990f2a7d7ba4b7d5693aac9b4dd6defd8d6	cargo:fastrand@2.4.1:crates.io
rust	find-msvc-tools	0.1.9	runtime	false	registry+https://github.com/rust-lang/crates.io-index	5baebc0774151f905a1a2cc41989300b1e6fbb29aff0ceffa1064fdd3088d582	cargo:find-msvc-tools@0.1.9:crates.io
rust	flate2	1.1.9	runtime	false	registry+https://github.com/rust-lang/crates.io-index	843fba2746e448b37e26a819579957415c8cef339bf08564fe8b7ddbd959573c	cargo:flate2@1.1.9:crates.io
rust	form_urlencoded	1.2.2	runtime	false	registry+https://github.com/rust-lang/crates.io-index	cb4cb245038516f5f85277875cdaa4f7d2c9a0fa0468de06ed190163b1581fcf	cargo:form_urlencoded@1.2.2:crates.io
rust	fs_extra	1.3.0	runtime	false	registry+https://github.com/rust-lang/crates.io-index	42703706b716c37f96a77aea830392ad231f44c9e9a67872fa5548707e11b11c	cargo:fs_extra@1.3.0:crates.io
rust	futures-channel	0.3.32	runtime	false	registry+https://github.com/rust-lang/crates.io-index	07bbe89c50d7a535e539b8c17bc0b49bdb77747034daa8087407d655f3f7cc1d	cargo:futures-channel@0.3.32:crates.io
rust	futures-core	0.3.32	runtime	false	registry+https://github.com/rust-lang/crates.io-index	7e3450815272ef58cec6d564423f6e755e25379b217b0bc688e295ba24df6b1d	cargo:futures-core@0.3.32:crates.io
rust	futures-sink	0.3.32	runtime	false	registry+https://github.com/rust-lang/crates.io-index	c39754e157331b013978ec91992bde1ac089843443c49cbc7f46150b0fad0893	cargo:futures-sink@0.3.32:crates.io
rust	futures-task	0.3.32	runtime	false	registry+https://github.com/rust-lang/crates.io-index	037711b3d59c33004d3856fbdc83b99d4ff37a24768fa1be9ce3538a1cde4393	cargo:futures-task@0.3.32:crates.io
rust	futures-util	0.3.32	runtime	false	registry+https://github.com/rust-lang/crates.io-index	389ca41296e6190b48053de0321d02a77f32f8a5d2461dd38762c0593805c6d6	cargo:futures-util@0.3.32:crates.io
rust	generic-array	0.14.7	runtime	false	registry+https://github.com/rust-lang/crates.io-index	85649ca51fd72272d7821adaf274ad91c288277713d9c18820d8499a7ff69e9a	cargo:generic-array@0.14.7:crates.io
rust	getrandom	0.2.17	runtime	false	registry+https://github.com/rust-lang/crates.io-index	ff2abc00be7fca6ebc474524697ae276ad847ad0a6b3faa4bcb027e9a4614ad0	cargo:getrandom@0.2.17:crates.io
rust	getrandom	0.3.4	runtime	false	registry+https://github.com/rust-lang/crates.io-index	899def5c37c4fd7b2664648c28120ecec138e4d395b459e5ca34f9cce2dd77fd	cargo:getrandom@0.3.4:crates.io
rust	getrandom	0.4.3	runtime	false	registry+https://github.com/rust-lang/crates.io-index	300e883d756b2e4ec94e02791f39b04b522276138852cfc41d9fb7e904106099	cargo:getrandom@0.4.3:crates.io
rust	http	1.4.2	runtime	false	registry+https://github.com/rust-lang/crates.io-index	6970f50e31d6fc17d3fa27329444bfa74e196cf62e95052a3f6fee181dba6425	cargo:http@1.4.2:crates.io
rust	http-body	1.0.1	runtime	false	registry+https://github.com/rust-lang/crates.io-index	1efedce1fb8e6913f23e0c92de8e62cd5b772a67e7b3946df930a62566c93184	cargo:http-body@1.0.1:crates.io
rust	http-body-util	0.1.3	runtime	false	registry+https://github.com/rust-lang/crates.io-index	b021d93e26becf5dc7e1b75b1bed1fd93124b374ceb73f43d4d4eafec896a64a	cargo:http-body-util@0.1.3:crates.io
rust	http-range-header	0.4.2	runtime	false	registry+https://github.com/rust-lang/crates.io-index	9171a2ea8a68358193d15dd5d70c1c10a2afc3e7e4c5bc92bc9f025cebd7359c	cargo:http-range-header@0.4.2:crates.io
rust	httparse	1.10.1	runtime	false	registry+https://github.com/rust-lang/crates.io-index	6dbf3de79e51f3d586ab4cb9d5c3e2c14aa28ed23d180cf89b4df0454a69cc87	cargo:httparse@1.10.1:crates.io
rust	httpdate	1.0.3	runtime	false	registry+https://github.com/rust-lang/crates.io-index	df3b46402a9d5adb4c86a0cf463f42e19994e3ee891101b1841f30a545cb49a9	cargo:httpdate@1.0.3:crates.io
rust	hyper	1.10.1	runtime	false	registry+https://github.com/rust-lang/crates.io-index	55281c53a1894c864990125767da440a4e630446785086f52523b20033b74498	cargo:hyper@1.10.1:crates.io
rust	hyper-rustls	0.27.9	runtime	false	registry+https://github.com/rust-lang/crates.io-index	33ca68d021ef39cf6463ab54c1d0f5daf03377b70561305bb89a8f83aab66e0f	cargo:hyper-rustls@0.27.9:crates.io
rust	hyper-util	0.1.20	runtime	false	registry+https://github.com/rust-lang/crates.io-index	96547c2556ec9d12fb1578c4eaf448b04993e7fb79cbaad930a656880a6bdfa0	cargo:hyper-util@0.1.20:crates.io
rust	icu_collections	2.2.0	runtime	false	registry+https://github.com/rust-lang/crates.io-index	2984d1cd16c883d7935b9e07e44071dca8d917fd52ecc02c04d5fa0b5a3f191c	cargo:icu_collections@2.2.0:crates.io
rust	icu_locale_core	2.2.0	runtime	false	registry+https://github.com/rust-lang/crates.io-index	92219b62b3e2b4d88ac5119f8904c10f8f61bf7e95b640d25ba3075e6cac2c29	cargo:icu_locale_core@2.2.0:crates.io
rust	icu_normalizer	2.2.0	runtime	false	registry+https://github.com/rust-lang/crates.io-index	c56e5ee99d6e3d33bd91c5d85458b6005a22140021cc324cea84dd0e72cff3b4	cargo:icu_normalizer@2.2.0:crates.io
rust	icu_normalizer_data	2.2.0	runtime	false	registry+https://github.com/rust-lang/crates.io-index	da3be0ae77ea334f4da67c12f149704f19f81d1adf7c51cf482943e84a2bad38	cargo:icu_normalizer_data@2.2.0:crates.io
rust	icu_properties	2.2.0	runtime	false	registry+https://github.com/rust-lang/crates.io-index	bee3b67d0ea5c2cca5003417989af8996f8604e34fb9ddf96208a033901e70de	cargo:icu_properties@2.2.0:crates.io
rust	icu_properties_data	2.2.0	runtime	false	registry+https://github.com/rust-lang/crates.io-index	8e2bbb201e0c04f7b4b3e14382af113e17ba4f63e2c9d2ee626b720cbce54a14	cargo:icu_properties_data@2.2.0:crates.io
rust	icu_provider	2.2.0	runtime	false	registry+https://github.com/rust-lang/crates.io-index	139c4cf31c8b5f33d7e199446eff9c1e02decfc2f0eec2c8d71f65befa45b421	cargo:icu_provider@2.2.0:crates.io
rust	idna	1.1.0	runtime	false	registry+https://github.com/rust-lang/crates.io-index	3b0875f23caa03898994f6ddc501886a45c7d3d62d04d2d90788d47be1b1e4de	cargo:idna@1.1.0:crates.io
rust	idna_adapter	1.2.2	runtime	false	registry+https://github.com/rust-lang/crates.io-index	cb68373c0d6620ef8105e855e7745e18b0d00d3bdb07fb532e434244cdb9a714	cargo:idna_adapter@1.2.2:crates.io
rust	include_dir	0.7.4	runtime	true	registry+https://github.com/rust-lang/crates.io-index	923d117408f1e49d914f1a379a309cffe4f18c05cf4e3d12e613a15fc81bd0dd	cargo:include_dir@0.7.4:crates.io
rust	include_dir_macros	0.7.4	runtime	false	registry+https://github.com/rust-lang/crates.io-index	7cab85a7ed0bd5f0e76d93846e0147172bed2e2d3f859bcc33a8d9699cad1a75	cargo:include_dir_macros@0.7.4:crates.io
rust	ipnet	2.12.0	runtime	false	registry+https://github.com/rust-lang/crates.io-index	d98f6fed1fde3f8c21bc40a1abb88dd75e67924f9cffc3ef95607bad8017f8e2	cargo:ipnet@2.12.0:crates.io
rust	is-docker	0.2.0	runtime	false	registry+https://github.com/rust-lang/crates.io-index	928bae27f42bc99b60d9ac7334e3a21d10ad8f1835a4e12ec3ec0464765ed1b3	cargo:is-docker@0.2.0:crates.io
rust	is-wsl	0.4.0	runtime	false	registry+https://github.com/rust-lang/crates.io-index	173609498df190136aa7dea1a91db051746d339e18476eed5ca40521f02d7aa5	cargo:is-wsl@0.4.0:crates.io
rust	itoa	1.0.18	runtime	false	registry+https://github.com/rust-lang/crates.io-index	8f42a60cbdf9a97f5d2305f08a87dc4e09308d1276d28c869c684d7777685682	cargo:itoa@1.0.18:crates.io
rust	jiff	0.2.32	runtime	true	registry+https://github.com/rust-lang/crates.io-index	961d16382652bfdd8c6f68b223b26a8c93e0d475c672f414411db31c6c5c900e	cargo:jiff@0.2.32:crates.io
rust	jiff-static	0.2.32	runtime	false	registry+https://github.com/rust-lang/crates.io-index	d0879bd39df99c4c5e2c6615ccc026391a423dde10532c573e6086eb94a802cc	cargo:jiff-static@0.2.32:crates.io
rust	jiff-tzdb	0.1.8	runtime	false	registry+https://github.com/rust-lang/crates.io-index	142bd39932ad231f10513df9ab62661fead8719872150b7ad02a2df79f4e141e	cargo:jiff-tzdb@0.1.8:crates.io
rust	jni	0.22.4	runtime	false	registry+https://github.com/rust-lang/crates.io-index	5efd9a482cf3a427f00d6b35f14332adc7902ce91efb778580e180ff90fa3498	cargo:jni@0.22.4:crates.io
rust	jni-macros	0.22.4	runtime	false	registry+https://github.com/rust-lang/crates.io-index	a00109accc170f0bdb141fed3e393c565b6f5e072365c3bd58f5b062591560a3	cargo:jni-macros@0.22.4:crates.io
rust	jni-sys	0.4.1	runtime	false	registry+https://github.com/rust-lang/crates.io-index	c6377a88cb3910bee9b0fa88d4f42e1d2da8e79915598f65fb0c7ee14c878af2	cargo:jni-sys@0.4.1:crates.io
rust	jni-sys-macros	0.4.1	runtime	false	registry+https://github.com/rust-lang/crates.io-index	38c0b942f458fe50cdac086d2f946512305e5631e720728f2a61aabcd47a6264	cargo:jni-sys-macros@0.4.1:crates.io
rust	jobserver	0.1.35	runtime	false	registry+https://github.com/rust-lang/crates.io-index	1c00acbd29eabad4a2392fa0e921c874934dbbf4194312ad20f04a0ed67a3cb3	cargo:jobserver@0.1.35:crates.io
rust	js-sys	0.3.103	runtime	false	registry+https://github.com/rust-lang/crates.io-index	53b44bfcdb3f8d5837a46dae1ca9660a837176eee74a28b229bc626816589102	cargo:js-sys@0.3.103:crates.io
rust	lazy_static	1.5.0	runtime	false	registry+https://github.com/rust-lang/crates.io-index	bbd2bcb4c963f2ddae06a2efc7e9f3591312473c50c6685e1f298068316e66fe	cargo:lazy_static@1.5.0:crates.io
rust	libc	0.2.186	runtime	false	registry+https://github.com/rust-lang/crates.io-index	68ab91017fe16c622486840e4c83c9a37afeff978bd239b5293d61ece587de66	cargo:libc@0.2.186:crates.io
rust	libsqlite3-sys	0.38.1	runtime	false	registry+https://github.com/rust-lang/crates.io-index	f6c19a05435c21ac299d71b6a9c13db3e3f47c520517d58990a462a1397a61db	cargo:libsqlite3-sys@0.38.1:crates.io
rust	linux-raw-sys	0.12.1	dev	false	registry+https://github.com/rust-lang/crates.io-index	32a66949e030da00e8c7d4434b251670a91556f4144941d37452769c25d58a53	cargo:linux-raw-sys@0.12.1:crates.io
rust	litemap	0.8.2	runtime	false	registry+https://github.com/rust-lang/crates.io-index	92daf443525c4cce67b150400bc2316076100ce0b3686209eb8cf3c31612e6f0	cargo:litemap@0.8.2:crates.io
rust	log	0.4.33	runtime	false	registry+https://github.com/rust-lang/crates.io-index	0ceec5bc11778974d1bcb055b18002eba7f4b3518b6a0081b3af5f21666da9ad	cargo:log@0.4.33:crates.io
rust	lru-slab	0.1.2	runtime	false	registry+https://github.com/rust-lang/crates.io-index	112b39cec0b298b6c1999fee3e31427f74f676e4cb9879ed1a121b43661a4154	cargo:lru-slab@0.1.2:crates.io
rust	matchers	0.2.0	runtime	false	registry+https://github.com/rust-lang/crates.io-index	d1525a2a28c7f4fa0fc98bb91ae755d1e2d1505079e05539e35bc876b5d65ae9	cargo:matchers@0.2.0:crates.io
rust	matchit	0.8.4	runtime	false	registry+https://github.com/rust-lang/crates.io-index	47e1ffaa40ddd1f3ed91f717a33c8c0ee23fff369e3aa8772b9605cc1d22f4c3	cargo:matchit@0.8.4:crates.io
rust	memchr	2.8.3	runtime	false	registry+https://github.com/rust-lang/crates.io-index	cf8baf1c55e62ffcace7a9f06f4bd9cd3f0c4beb022d3b367256b91b87513d98	cargo:memchr@2.8.3:crates.io
rust	mime	0.3.17	runtime	false	registry+https://github.com/rust-lang/crates.io-index	6877bb514081ee2a7ff5ef9de3281f14a4dd4bceac4c09388074a6b5df8a139a	cargo:mime@0.3.17:crates.io
rust	mime_guess	2.0.5	runtime	false	registry+https://github.com/rust-lang/crates.io-index	f7c44f8e672c00fe5308fa235f821cb4198414e1c77935c1ab6948d3fd78550e	cargo:mime_guess@2.0.5:crates.io
rust	miniz_oxide	0.8.9	runtime	false	registry+https://github.com/rust-lang/crates.io-index	1fa76a2c86f704bdb222d66965fb3d63269ce38518b83cb0575fca855ebb6316	cargo:miniz_oxide@0.8.9:crates.io
rust	mio	1.2.1	runtime	false	registry+https://github.com/rust-lang/crates.io-index	02bd0af71c67b473010cbbc60715ee815645a4dc942899111f494b4b737d6fda	cargo:mio@1.2.1:crates.io
rust	num-conv	0.2.2	runtime	false	registry+https://github.com/rust-lang/crates.io-index	521739c6d2bac4aa25192232afe6841231376b2b26d4d9fae5ecf8ca5772e441	cargo:num-conv@0.2.2:crates.io
rust	num-traits	0.2.19	dev	false	registry+https://github.com/rust-lang/crates.io-index	071dfc062690e90b734c0b2273ce72ad0ffa95f0c74596bc250dcfd960262841	cargo:num-traits@0.2.19:crates.io
rust	once_cell	1.21.4	runtime	false	registry+https://github.com/rust-lang/crates.io-index	9f7c3e4beb33f85d45ae3e3a1792185706c8e16d043238c593331cc7cd313b50	cargo:once_cell@1.21.4:crates.io
rust	open	5.4.0	runtime	true	registry+https://github.com/rust-lang/crates.io-index	a0b3d059e795d52b8a72fef45658620edd4d9c359b338564aa14391ffa511ed5	cargo:open@5.4.0:crates.io
rust	openssl-probe	0.2.1	runtime	false	registry+https://github.com/rust-lang/crates.io-index	7c87def4c32ab89d880effc9e097653c8da5d6ef28e6b539d313baaacfbafcbe	cargo:openssl-probe@0.2.1:crates.io
rust	percent-encoding	2.3.2	runtime	false	registry+https://github.com/rust-lang/crates.io-index	9b4f627cb1b25917193a259e49bdad08f671f8d9708acfd5fe0a8c1455d87220	cargo:percent-encoding@2.3.2:crates.io
rust	pin-project-lite	0.2.17	runtime	false	registry+https://github.com/rust-lang/crates.io-index	a89322df9ebe1c1578d689c92318e070967d1042b512afbe49518723f4e6d5cd	cargo:pin-project-lite@0.2.17:crates.io
rust	pkg-config	0.3.33	runtime	false	registry+https://github.com/rust-lang/crates.io-index	19f132c84eca552bf34cab8ec81f1c1dcc229b811638f9d283dceabe58c5569e	cargo:pkg-config@0.3.33:crates.io
rust	portable-atomic	1.13.1	runtime	false	registry+https://github.com/rust-lang/crates.io-index	c33a9471896f1c69cecef8d20cbe2f7accd12527ce60845ff44c153bb2a21b49	cargo:portable-atomic@1.13.1:crates.io
rust	portable-atomic-util	0.2.7	runtime	false	registry+https://github.com/rust-lang/crates.io-index	c2a106d1259c23fac8e543272398ae0e3c0b8d33c88ed73d0cc71b0f1d902618	cargo:portable-atomic-util@0.2.7:crates.io
rust	potential_utf	0.1.5	runtime	false	registry+https://github.com/rust-lang/crates.io-index	0103b1cef7ec0cf76490e969665504990193874ea05c85ff9bab8b911d0a0564	cargo:potential_utf@0.1.5:crates.io
rust	powerfmt	0.2.0	runtime	false	registry+https://github.com/rust-lang/crates.io-index	439ee305def115ba05938db6eb1644ff94165c5ab5e9420d1c1bcedbba909391	cargo:powerfmt@0.2.0:crates.io
rust	ppv-lite86	0.2.21	runtime	false	registry+https://github.com/rust-lang/crates.io-index	85eae3c4ed2f50dcfe72643da4befc30deadb458a9b590d720cde2f2b1e97da9	cargo:ppv-lite86@0.2.21:crates.io
rust	proc-macro2	1.0.106	runtime	false	registry+https://github.com/rust-lang/crates.io-index	8fd00f0bb2e90d81d1044c2b32617f68fcb9fa3bb7640c23e9c748e53fb30934	cargo:proc-macro2@1.0.106:crates.io
rust	proptest	1.11.0	dev	true	registry+https://github.com/rust-lang/crates.io-index	4b45fcc2344c680f5025fe57779faef368840d0bd1f42f216291f0dc4ace4744	cargo:proptest@1.11.0:crates.io
rust	quinn	0.11.11	runtime	false	registry+https://github.com/rust-lang/crates.io-index	0c1a41e437b6bbd489372cd4971de128e85c855f56c57f283d20ff016cf7c0a8	cargo:quinn@0.11.11:crates.io
rust	quinn-proto	0.11.16	runtime	false	registry+https://github.com/rust-lang/crates.io-index	2f4bfc015262b9df63c8845072ce59068853ff5872180c2ce2f13038b970e560	cargo:quinn-proto@0.11.16:crates.io
rust	quinn-udp	0.5.15	runtime	false	registry+https://github.com/rust-lang/crates.io-index	35a133f956daabe89a61a685c2649f13d82d5aa4bd5d12d1277e1072a21c0694	cargo:quinn-udp@0.5.15:crates.io
rust	quote	1.0.46	runtime	false	registry+https://github.com/rust-lang/crates.io-index	dfbc457d0c7a0759a614551b11a6409e5951f6c7537be1f1b7682b9ae9230368	cargo:quote@1.0.46:crates.io
rust	r-efi	5.3.0	runtime	false	registry+https://github.com/rust-lang/crates.io-index	69cdb34c158ceb288df11e18b4bd39de994f6657d83847bdffdbd7f346754b0f	cargo:r-efi@5.3.0:crates.io
rust	r-efi	6.0.0	runtime	false	registry+https://github.com/rust-lang/crates.io-index	f8dcc9c7d52a811697d2151c701e0d08956f92b0e24136cf4cf27b57a6a0d9bf	cargo:r-efi@6.0.0:crates.io
rust	rand	0.10.2	runtime	false	registry+https://github.com/rust-lang/crates.io-index	c7f5fa3a058cd35567ef9bfa5e75732bee0f9e4c55fa90477bef2dfcdbc4be80	cargo:rand@0.10.2:crates.io
rust	rand	0.9.5	runtime	false	registry+https://github.com/rust-lang/crates.io-index	b9ef1d0d795eb7d84685bca4f72f3649f064e6641543d3a8c415898726a57b41	cargo:rand@0.9.5:crates.io
rust	rand_chacha	0.9.0	runtime	false	registry+https://github.com/rust-lang/crates.io-index	d3022b5f1df60f26e1ffddd6c66e8aa15de382ae63b3a0c1bfc0e4d3e3f325cb	cargo:rand_chacha@0.9.0:crates.io
rust	rand_core	0.10.1	runtime	false	registry+https://github.com/rust-lang/crates.io-index	63b8176103e19a2643978565ca18b50549f6101881c443590420e4dc998a3c69	cargo:rand_core@0.10.1:crates.io
rust	rand_core	0.9.5	runtime	false	registry+https://github.com/rust-lang/crates.io-index	76afc826de14238e6e8c374ddcc1fa19e374fd8dd986b0d2af0d02377261d83c	cargo:rand_core@0.9.5:crates.io
rust	rand_pcg	0.10.2	runtime	false	registry+https://github.com/rust-lang/crates.io-index	caa0f4137e1c0a72f4c651489402276c8e8e1cf081f3b0ba156d2cbeef09e86a	cargo:rand_pcg@0.10.2:crates.io
rust	rand_xorshift	0.4.0	dev	false	registry+https://github.com/rust-lang/crates.io-index	513962919efc330f829edb2535844d1b912b0fbe2ca165d613e4e8788bb05a5a	cargo:rand_xorshift@0.4.0:crates.io
rust	rbcsp-dependency-baseline	0.0.0	runtime	true	repository:crates/dependency-baseline/Cargo.toml	NOT_APPLICABLE_LOCAL	cargo:rbcsp-dependency-baseline@0.0.0:local
rust	regex-automata	0.4.15	runtime	false	registry+https://github.com/rust-lang/crates.io-index	1f388202e4b80542a0921078cc23b6333bcf1409c1e3f86404cae4766a6131db	cargo:regex-automata@0.4.15:crates.io
rust	regex-syntax	0.8.11	runtime	false	registry+https://github.com/rust-lang/crates.io-index	d6f6ff9a378485b298a5286656da665ba74413d36db0979633275d2e708145d4	cargo:regex-syntax@0.8.11:crates.io
rust	reqwest	0.13.4	runtime	true	registry+https://github.com/rust-lang/crates.io-index	219c5811de6525e5416c7d5d53bb656d3afdbc6c5af816e0802bcfa42dbdc1c3	cargo:reqwest@0.13.4:crates.io
rust	ring	0.17.14	runtime	false	registry+https://github.com/rust-lang/crates.io-index	a4689e6c2294d81e88dc6261c768b63bc4fcdb852be6d1352498b114f61383b7	cargo:ring@0.17.14:crates.io
rust	rusqlite	0.40.1	runtime	true	registry+https://github.com/rust-lang/crates.io-index	11438310b19e3109b6446c33d1ed5e889428cf2e278407bc7896bc4aaea43323	cargo:rusqlite@0.40.1:crates.io
rust	rustc-hash	2.1.3	runtime	false	registry+https://github.com/rust-lang/crates.io-index	6b1e7f9a428571be2dc5bc0505c13fb6bf936822b894ec87abf8a08a4e51742d	cargo:rustc-hash@2.1.3:crates.io
rust	rustc_version	0.4.1	runtime	false	registry+https://github.com/rust-lang/crates.io-index	cfcb3a22ef46e85b45de6ee7e79d063319ebb6594faafcf1c225ea92ab6e9b92	cargo:rustc_version@0.4.1:crates.io
rust	rustix	1.1.4	dev	false	registry+https://github.com/rust-lang/crates.io-index	b6fe4565b9518b83ef4f91bb47ce29620ca828bd32cb7e408f0062e9930ba190	cargo:rustix@1.1.4:crates.io
rust	rustls	0.23.41	runtime	false	registry+https://github.com/rust-lang/crates.io-index	6b92b125634d9b795e7beca796cc790df15a7fb38323bf3196fda83292d06b1f	cargo:rustls@0.23.41:crates.io
rust	rustls-native-certs	0.8.4	runtime	false	registry+https://github.com/rust-lang/crates.io-index	dab5152771c58876a2146916e53e35057e1a4dfa2b9df0f0305b07f611fdea4d	cargo:rustls-native-certs@0.8.4:crates.io
rust	rustls-pki-types	1.15.0	runtime	false	registry+https://github.com/rust-lang/crates.io-index	764899a24af3980067ee14bc143654f297b22eaebfe3c7b6b211920a5a59b046	cargo:rustls-pki-types@1.15.0:crates.io
rust	rustls-platform-verifier	0.7.0	runtime	false	registry+https://github.com/rust-lang/crates.io-index	26d1e2536ce4f35f4846aa13bff16bd0ff40157cdb14cc056c7b14ba41233ba0	cargo:rustls-platform-verifier@0.7.0:crates.io
rust	rustls-platform-verifier-android	0.1.1	runtime	false	registry+https://github.com/rust-lang/crates.io-index	f87165f0995f63a9fbeea62b64d10b4d9d8e78ec6d7d51fb2125fda7bb36788f	cargo:rustls-platform-verifier-android@0.1.1:crates.io
rust	rustls-webpki	0.103.13	runtime	false	registry+https://github.com/rust-lang/crates.io-index	61c429a8649f110dddef65e2a5ad240f747e85f7758a6bccc7e5777bd33f756e	cargo:rustls-webpki@0.103.13:crates.io
rust	rustversion	1.0.23	runtime	false	registry+https://github.com/rust-lang/crates.io-index	cf54715a573b99ac80df0bc206da022bcd442c974952c7b9720069370852e21f	cargo:rustversion@1.0.23:crates.io
rust	ryu	1.0.23	runtime	false	registry+https://github.com/rust-lang/crates.io-index	9774ba4a74de5f7b1c1451ed6cd5285a32eddb5cccb8cc655a4e50009e06477f	cargo:ryu@1.0.23:crates.io
rust	same-file	1.0.6	runtime	false	registry+https://github.com/rust-lang/crates.io-index	93fc1dc3aaa9bfed95e02e6eadabb4baf7e3078b0bd1b4d7b6b0b68378900502	cargo:same-file@1.0.6:crates.io
rust	schannel	0.1.29	runtime	false	registry+https://github.com/rust-lang/crates.io-index	91c1b7e4904c873ef0710c1f407dde2e6287de2bebc1bbbf7d430bb7cbffd939	cargo:schannel@0.1.29:crates.io
rust	security-framework	3.7.0	runtime	false	registry+https://github.com/rust-lang/crates.io-index	b7f4bc775c73d9a02cde8bf7b2ec4c9d12743edf609006c7facc23998404cd1d	cargo:security-framework@3.7.0:crates.io
rust	security-framework-sys	2.17.0	runtime	false	registry+https://github.com/rust-lang/crates.io-index	6ce2691df843ecc5d231c0b14ece2acc3efb62c0a398c7e1d875f3983ce020e3	cargo:security-framework-sys@2.17.0:crates.io
rust	semver	1.0.28	runtime	false	registry+https://github.com/rust-lang/crates.io-index	8a7852d02fc848982e0c167ef163aaff9cd91dc640ba85e263cb1ce46fae51cd	cargo:semver@1.0.28:crates.io
rust	serde	1.0.228	runtime	true	registry+https://github.com/rust-lang/crates.io-index	9a8e94ea7f378bd32cbbd37198a4a91436180c5bb472411e48b5ec2e2124ae9e	cargo:serde@1.0.228:crates.io
rust	serde_core	1.0.228	runtime	false	registry+https://github.com/rust-lang/crates.io-index	41d385c7d4ca58e59fc732af25c3983b67ac852c1a25000afe1175de458b67ad	cargo:serde_core@1.0.228:crates.io
rust	serde_derive	1.0.228	runtime	false	registry+https://github.com/rust-lang/crates.io-index	d540f220d3187173da220f885ab66608367b6574e925011a9353e4badda91d79	cargo:serde_derive@1.0.228:crates.io
rust	serde_json	1.0.150	runtime	true	registry+https://github.com/rust-lang/crates.io-index	e8014e44b4736ed0538adeecded0fce2a272f22dc9578a7eb6b2d9993c74cfb9	cargo:serde_json@1.0.150:crates.io
rust	serde_path_to_error	0.1.20	runtime	false	registry+https://github.com/rust-lang/crates.io-index	10a9ff822e371bb5403e391ecd83e182e0e77ba7f6fe0160b795797109d1b457	cargo:serde_path_to_error@0.1.20:crates.io
rust	serde_urlencoded	0.7.1	runtime	false	registry+https://github.com/rust-lang/crates.io-index	d3491c14715ca2294c4d6a88f15e84739788c1d030eed8c110436aafdaa2f3fd	cargo:serde_urlencoded@0.7.1:crates.io
rust	sha1	0.10.7	runtime	false	registry+https://github.com/rust-lang/crates.io-index	a978451301f4db1d02937a4ab3ccce137717b81826e79b7d49ffe3244a13c3b8	cargo:sha1@0.10.7:crates.io
rust	sha2	0.10.9	runtime	true	registry+https://github.com/rust-lang/crates.io-index	a7507d819769d01a365ab707794a4084392c824f54a7a6a7862f8c3d0892b283	cargo:sha2@0.10.9:crates.io
rust	sharded-slab	0.1.7	runtime	false	registry+https://github.com/rust-lang/crates.io-index	f40ca3c46823713e0d4209592e8d6e826aa57e928f09752619fc696c499637f6	cargo:sharded-slab@0.1.7:crates.io
rust	shlex	2.0.1	runtime	false	registry+https://github.com/rust-lang/crates.io-index	f8fadd59c855ef2080decdef8ff161eb6661b86933c9d82e5ba29dc602a55aba	cargo:shlex@2.0.1:crates.io
rust	signal-hook-registry	1.4.8	runtime	false	registry+https://github.com/rust-lang/crates.io-index	c4db69cba1110affc0e9f7bcd48bbf87b3f4fc7c61fc9155afd4c469eb3d6c1b	cargo:signal-hook-registry@1.4.8:crates.io
rust	simd-adler32	0.3.9	runtime	false	registry+https://github.com/rust-lang/crates.io-index	703d5c7ef118737c72f1af64ad2f6f8c5e1921f818cdcb97b8fe6fc69bf66214	cargo:simd-adler32@0.3.9:crates.io
rust	simd_cesu8	1.1.1	runtime	false	registry+https://github.com/rust-lang/crates.io-index	94f90157bb87cddf702797c5dadfa0be7d266cdf49e22da2fcaa32eff75b2c33	cargo:simd_cesu8@1.1.1:crates.io
rust	simdutf8	0.1.5	runtime	false	registry+https://github.com/rust-lang/crates.io-index	e3a9fe34e3e7a50316060351f37187a3f546bce95496156754b601a5fa71b76e	cargo:simdutf8@0.1.5:crates.io
rust	slab	0.4.12	runtime	false	registry+https://github.com/rust-lang/crates.io-index	0c790de23124f9ab44544d7ac05d60440adc586479ce501c1d6d7da3cd8c9cf5	cargo:slab@0.4.12:crates.io
rust	smallvec	1.15.2	runtime	false	registry+https://github.com/rust-lang/crates.io-index	8ed6a63f02c8539c91a8685a86f4099661ba3da017932f6ebbea6de3f0fa7c90	cargo:smallvec@1.15.2:crates.io
rust	socket2	0.6.4	runtime	false	registry+https://github.com/rust-lang/crates.io-index	52d1cfed4120b4d927bf7c0f86d2087a4a7d6027c906d9f9d525a80573b9be51	cargo:socket2@0.6.4:crates.io
rust	stable_deref_trait	1.2.1	runtime	false	registry+https://github.com/rust-lang/crates.io-index	6ce2be8dc25455e1f91df71bfa12ad37d7af1092ae736f3a6cd0e37bc7810596	cargo:stable_deref_trait@1.2.1:crates.io
rust	subtle	2.6.1	runtime	false	registry+https://github.com/rust-lang/crates.io-index	13c2bddecc57b384dee18652358fb23172facb8a2c51ccc10d74c157bdea3292	cargo:subtle@2.6.1:crates.io
rust	syn	2.0.118	runtime	false	registry+https://github.com/rust-lang/crates.io-index	1b9ae57f904213ebb649ce6895b8a66c66f0203b9319718f69a5612a065b1422	cargo:syn@2.0.118:crates.io
rust	sync_wrapper	1.0.2	runtime	false	registry+https://github.com/rust-lang/crates.io-index	0bf256ce5efdfa370213c1dabab5935a12e49f2c58d15e9eac2870d3b4f27263	cargo:sync_wrapper@1.0.2:crates.io
rust	synstructure	0.13.2	runtime	false	registry+https://github.com/rust-lang/crates.io-index	728a70f3dbaf5bab7f0c4b1ac8d7ae5ea60a4b5549c8a5914361c99147a709d2	cargo:synstructure@0.13.2:crates.io
rust	tempfile	3.27.0	dev	true	registry+https://github.com/rust-lang/crates.io-index	32497e9a4c7b38532efcdebeef879707aa9f794296a4f0244f6f69e9bc8574bd	cargo:tempfile@3.27.0:crates.io
rust	thiserror	2.0.18	runtime	true	registry+https://github.com/rust-lang/crates.io-index	4288b5bcbc7920c07a1149a35cf9590a2aa808e0bc1eafaade0b80947865fbc4	cargo:thiserror@2.0.18:crates.io
rust	thiserror-impl	2.0.18	runtime	false	registry+https://github.com/rust-lang/crates.io-index	ebc4ee7f67670e9b64d05fa4253e753e016c6c95ff35b89b7941d6b856dec1d5	cargo:thiserror-impl@2.0.18:crates.io
rust	thread_local	1.1.10	runtime	false	registry+https://github.com/rust-lang/crates.io-index	1ad99c4c6d32803332c548b1af0540b357b3f5fc0be8f6c6bfe8b2e6ae784070	cargo:thread_local@1.1.10:crates.io
rust	time	0.3.53	runtime	true	registry+https://github.com/rust-lang/crates.io-index	18dfaaeddcb932337b5e7866ee7d0ce9b76d2fd092997146f187ec09b4558a50	cargo:time@0.3.53:crates.io
rust	time-core	0.1.9	runtime	false	registry+https://github.com/rust-lang/crates.io-index	9e1c906769ad99c88eaa54e728060edef082f8e358ff32030cb7c7d315e81109	cargo:time-core@0.1.9:crates.io
rust	time-macros	0.2.31	runtime	false	registry+https://github.com/rust-lang/crates.io-index	c431b87111666e491a90baa837f914fb45cd5dc3c268591b0220ff5057f2085f	cargo:time-macros@0.2.31:crates.io
rust	tinystr	0.8.3	runtime	false	registry+https://github.com/rust-lang/crates.io-index	c8323304221c2a851516f22236c5722a72eaa19749016521d6dff0824447d96d	cargo:tinystr@0.8.3:crates.io
rust	tinyvec	1.12.0	runtime	false	registry+https://github.com/rust-lang/crates.io-index	bb4ebadaa0af04fab11ae01eb5f9fdb5f9c5b875506e210e71c07873528baa7f	cargo:tinyvec@1.12.0:crates.io
rust	tinyvec_macros	0.1.1	runtime	false	registry+https://github.com/rust-lang/crates.io-index	1f3ccbac311fea05f86f61904b462b55fb3df8837a366dfc601a0161d0532f20	cargo:tinyvec_macros@0.1.1:crates.io
rust	tokio	1.52.3	runtime	true	registry+https://github.com/rust-lang/crates.io-index	8fc7f01b389ac15039e4dc9531aa973a135d7a4135281b12d7c1bc79fd57fffe	cargo:tokio@1.52.3:crates.io
rust	tokio-macros	2.7.0	runtime	false	registry+https://github.com/rust-lang/crates.io-index	385a6cb71ab9ab790c5fe8d67f1645e6c450a7ce006a33de03daa956cf70a496	cargo:tokio-macros@2.7.0:crates.io
rust	tokio-rustls	0.26.4	runtime	false	registry+https://github.com/rust-lang/crates.io-index	1729aa945f29d91ba541258c8df89027d5792d85a8841fb65e8bf0f4ede4ef61	cargo:tokio-rustls@0.26.4:crates.io
rust	tokio-tungstenite	0.29.0	runtime	false	registry+https://github.com/rust-lang/crates.io-index	8f72a05e828585856dacd553fba484c242c46e391fb0e58917c942ee9202915c	cargo:tokio-tungstenite@0.29.0:crates.io
rust	tokio-util	0.7.18	runtime	false	registry+https://github.com/rust-lang/crates.io-index	9ae9cec805b01e8fc3fd2fe289f89149a9b66dd16786abd8b19cfa7b48cb0098	cargo:tokio-util@0.7.18:crates.io
rust	tower	0.5.3	runtime	true	registry+https://github.com/rust-lang/crates.io-index	ebe5ef63511595f1344e2d5cfa636d973292adc0eec1f0ad45fae9f0851ab1d4	cargo:tower@0.5.3:crates.io
rust	tower-http	0.6.11	runtime	true	registry+https://github.com/rust-lang/crates.io-index	4cfcf7e2740e6fc6d4d688b4ef00650406bb94adf4731e43c096c3a19fe40840	cargo:tower-http@0.6.11:crates.io
rust	tower-layer	0.3.3	runtime	false	registry+https://github.com/rust-lang/crates.io-index	121c2a6cda46980bb0fcd1647ffaf6cd3fc79a013de288782836f6df9c48780e	cargo:tower-layer@0.3.3:crates.io
rust	tower-service	0.3.3	runtime	false	registry+https://github.com/rust-lang/crates.io-index	8df9b6e13f2d32c91b9bd719c00d1958837bc7dec474d94952798cc8e69eeec3	cargo:tower-service@0.3.3:crates.io
rust	tracing	0.1.44	runtime	true	registry+https://github.com/rust-lang/crates.io-index	63e71662fa4b2a2c3a26f570f037eb95bb1f85397f3cd8076caed2f026a6d100	cargo:tracing@0.1.44:crates.io
rust	tracing-attributes	0.1.31	runtime	false	registry+https://github.com/rust-lang/crates.io-index	7490cfa5ec963746568740651ac6781f701c9c5ea257c58e057f3ba8cf69e8da	cargo:tracing-attributes@0.1.31:crates.io
rust	tracing-core	0.1.36	runtime	false	registry+https://github.com/rust-lang/crates.io-index	db97caf9d906fbde555dd62fa95ddba9eecfd14cb388e4f491a66d74cd5fb79a	cargo:tracing-core@0.1.36:crates.io
rust	tracing-serde	0.2.0	runtime	false	registry+https://github.com/rust-lang/crates.io-index	704b1aeb7be0d0a84fc9828cae51dab5970fee5088f83d1dd7ee6f6246fc6ff1	cargo:tracing-serde@0.2.0:crates.io
rust	tracing-subscriber	0.3.23	runtime	true	registry+https://github.com/rust-lang/crates.io-index	cb7f578e5945fb242538965c2d0b04418d38ec25c79d160cd279bf0731c8d319	cargo:tracing-subscriber@0.3.23:crates.io
rust	try-lock	0.2.5	runtime	false	registry+https://github.com/rust-lang/crates.io-index	e421abadd41a4225275504ea4d6566923418b7f05506fbc9c0fe86ba7396114b	cargo:try-lock@0.2.5:crates.io
rust	tungstenite	0.29.0	runtime	false	registry+https://github.com/rust-lang/crates.io-index	6c01152af293afb9c7c2a57e4b559c5620b421f6d133261c60dd2d0cdb38e6b8	cargo:tungstenite@0.29.0:crates.io
rust	typenum	1.20.1	runtime	false	registry+https://github.com/rust-lang/crates.io-index	b6f5e870be6c3b371b77fe0ee0bafb859fa4964b4404c27de1d380043c4dda20	cargo:typenum@1.20.1:crates.io
rust	unarray	0.1.4	dev	false	registry+https://github.com/rust-lang/crates.io-index	eaea85b334db583fe3274d12b4cd1880032beab409c0d774be044d4480ab9a94	cargo:unarray@0.1.4:crates.io
rust	unicase	2.9.0	runtime	false	registry+https://github.com/rust-lang/crates.io-index	dbc4bc3a9f746d862c45cb89d705aa10f187bb96c76001afab07a0d35ce60142	cargo:unicase@2.9.0:crates.io
rust	unicode-ident	1.0.24	runtime	false	registry+https://github.com/rust-lang/crates.io-index	e6e4313cd5fcd3dad5cafa179702e2b244f760991f45397d14d4ebf38247da75	cargo:unicode-ident@1.0.24:crates.io
rust	untrusted	0.9.0	runtime	false	registry+https://github.com/rust-lang/crates.io-index	8ecb6da28b8a351d773b68d5825ac39017e680750f980f3a1a85cd8dd28a47c1	cargo:untrusted@0.9.0:crates.io
rust	url	2.5.8	runtime	false	registry+https://github.com/rust-lang/crates.io-index	ff67a8a4397373c3ef660812acab3268222035010ab8680ec4215f38ba3d0eed	cargo:url@2.5.8:crates.io
rust	utf8_iter	1.0.4	runtime	false	registry+https://github.com/rust-lang/crates.io-index	b6c140620e7ffbb22c2dee59cafe6084a59b5ffc27a8859a5f0d494b5d52b6be	cargo:utf8_iter@1.0.4:crates.io
rust	uuid	1.23.5	runtime	true	registry+https://github.com/rust-lang/crates.io-index	ea5fab0d6c3c01ae70085a09cb03d4c7a1d6314e2b3e075392783396d724ca0a	cargo:uuid@1.23.5:crates.io
rust	valuable	0.1.1	runtime	false	registry+https://github.com/rust-lang/crates.io-index	ba73ea9cf16a25df0c8caa16c51acb937d5712a8429db78a3ee29d5dcacd3a65	cargo:valuable@0.1.1:crates.io
rust	vcpkg	0.2.15	runtime	false	registry+https://github.com/rust-lang/crates.io-index	accd4ea62f7bb7a82fe23066fb0957d48ef677f6eeb8215f372f52e48bb32426	cargo:vcpkg@0.2.15:crates.io
rust	version_check	0.9.5	runtime	false	registry+https://github.com/rust-lang/crates.io-index	0b928f33d975fc6ad9f86c8f283853ad26bdd5b10b7f1542aa2fa15e2289105a	cargo:version_check@0.9.5:crates.io
rust	walkdir	2.5.0	runtime	false	registry+https://github.com/rust-lang/crates.io-index	29790946404f91d9c5d06f9874efddea1dc06c5efe94541a7d6863108e3a5e4b	cargo:walkdir@2.5.0:crates.io
rust	want	0.3.1	runtime	false	registry+https://github.com/rust-lang/crates.io-index	bfa7760aed19e106de2c7c0b581b509f2f25d3dacaf737cb82ac61bc6d760b0e	cargo:want@0.3.1:crates.io
rust	wasi	0.11.1+wasi-snapshot-preview1	runtime	false	registry+https://github.com/rust-lang/crates.io-index	ccf3ec651a847eb01de73ccad15eb7d99f80485de043efb2f370cd654f4ea44b	cargo:wasi@0.11.1+wasi-snapshot-preview1:crates.io
rust	wasip2	1.0.4+wasi-0.2.12	runtime	false	registry+https://github.com/rust-lang/crates.io-index	b67efb37e106e55ce722a510d6b5f9c17f083e5fc79afc2badeb12cc313d9487	cargo:wasip2@1.0.4+wasi-0.2.12:crates.io
rust	wasm-bindgen	0.2.126	runtime	false	registry+https://github.com/rust-lang/crates.io-index	4b067c0c11094aef6b7a801c1e34a26affafdf3d051dba08456b868789aaf9a4	cargo:wasm-bindgen@0.2.126:crates.io
rust	wasm-bindgen-futures	0.4.76	runtime	false	registry+https://github.com/rust-lang/crates.io-index	c62df1340f32221cb9c54d6a27b030e3dba64361d4a95bed55f9aacb44da291d	cargo:wasm-bindgen-futures@0.4.76:crates.io
rust	wasm-bindgen-macro	0.2.126	runtime	false	registry+https://github.com/rust-lang/crates.io-index	167ce5e579f6bcf889c4f7175a8a5a585de84e8ff93976ce393efa5f2837aab1	cargo:wasm-bindgen-macro@0.2.126:crates.io
rust	wasm-bindgen-macro-support	0.2.126	runtime	false	registry+https://github.com/rust-lang/crates.io-index	f3997c7839262f4ef12cf90b818d6340c18e80f263f1a94bf157d0ec4420380e	cargo:wasm-bindgen-macro-support@0.2.126:crates.io
rust	wasm-bindgen-shared	0.2.126	runtime	false	registry+https://github.com/rust-lang/crates.io-index	dc1b4cb0cc549fcf58d7dfc081778139b3d283a081644e833e84682ad71cea24	cargo:wasm-bindgen-shared@0.2.126:crates.io
rust	web-sys	0.3.103	runtime	false	registry+https://github.com/rust-lang/crates.io-index	8622dcb61c0bcc9fffa6938bed81210af2da9a7e4a1a834b2e37a59b6dfb6141	cargo:web-sys@0.3.103:crates.io
rust	web-time	1.1.0	runtime	false	registry+https://github.com/rust-lang/crates.io-index	5a6580f308b1fad9207618087a65c04e7a10bc77e02c8e84e9b00dd4b12fa0bb	cargo:web-time@1.1.0:crates.io
rust	webpki-root-certs	1.0.8	runtime	false	registry+https://github.com/rust-lang/crates.io-index	0d46a5a140e6f7afeccd8eae97eff335163939eac8b929834875168b29b3d267	cargo:webpki-root-certs@1.0.8:crates.io
rust	winapi-util	0.1.11	runtime	false	registry+https://github.com/rust-lang/crates.io-index	c2a7b1c03c876122aa43f3020e6c3c3ee5c05081c9a00739faf7503aeba10d22	cargo:winapi-util@0.1.11:crates.io
rust	windows-link	0.2.1	runtime	false	registry+https://github.com/rust-lang/crates.io-index	f0805222e57f7521d6a62e36fa9163bc891acd422f971defe97d64e70d0a4fe5	cargo:windows-link@0.2.1:crates.io
rust	windows-sys	0.52.0	runtime	false	registry+https://github.com/rust-lang/crates.io-index	282be5f36a8ce781fad8c8ae18fa3f9beff57ec1b52cb3de0789201425d9a33d	cargo:windows-sys@0.52.0:crates.io
rust	windows-sys	0.61.2	runtime	false	registry+https://github.com/rust-lang/crates.io-index	ae137229bcbd6cdf0f7b80a31df61766145077ddf49416a728b02cb3921ff3fc	cargo:windows-sys@0.61.2:crates.io
rust	windows-targets	0.52.6	runtime	false	registry+https://github.com/rust-lang/crates.io-index	9b724f72796e036ab90c1021d4780d4d3d648aca59e491e6b98e725b84e99973	cargo:windows-targets@0.52.6:crates.io
rust	windows_aarch64_gnullvm	0.52.6	runtime	false	registry+https://github.com/rust-lang/crates.io-index	32a4622180e7a0ec044bb555404c800bc9fd9ec262ec147edd5989ccd0c02cd3	cargo:windows_aarch64_gnullvm@0.52.6:crates.io
rust	windows_aarch64_msvc	0.52.6	runtime	false	registry+https://github.com/rust-lang/crates.io-index	09ec2a7bb152e2252b53fa7803150007879548bc709c039df7627cabbd05d469	cargo:windows_aarch64_msvc@0.52.6:crates.io
rust	windows_i686_gnu	0.52.6	runtime	false	registry+https://github.com/rust-lang/crates.io-index	8e9b5ad5ab802e97eb8e295ac6720e509ee4c243f69d781394014ebfe8bbfa0b	cargo:windows_i686_gnu@0.52.6:crates.io
rust	windows_i686_gnullvm	0.52.6	runtime	false	registry+https://github.com/rust-lang/crates.io-index	0eee52d38c090b3caa76c563b86c3a4bd71ef1a819287c19d586d7334ae8ed66	cargo:windows_i686_gnullvm@0.52.6:crates.io
rust	windows_i686_msvc	0.52.6	runtime	false	registry+https://github.com/rust-lang/crates.io-index	240948bc05c5e7c6dabba28bf89d89ffce3e303022809e73deaefe4f6ec56c66	cargo:windows_i686_msvc@0.52.6:crates.io
rust	windows_x86_64_gnu	0.52.6	runtime	false	registry+https://github.com/rust-lang/crates.io-index	147a5c80aabfbf0c7d901cb5895d1de30ef2907eb21fbbab29ca94c5b08b1a78	cargo:windows_x86_64_gnu@0.52.6:crates.io
rust	windows_x86_64_gnullvm	0.52.6	runtime	false	registry+https://github.com/rust-lang/crates.io-index	24d5b23dc417412679681396f2b49f3de8c1473deb516bd34410872eff51ed0d	cargo:windows_x86_64_gnullvm@0.52.6:crates.io
rust	windows_x86_64_msvc	0.52.6	runtime	false	registry+https://github.com/rust-lang/crates.io-index	589f6da84c646204747d1270a2a5661ea66ed1cced2631d546fdfb155959f9ec	cargo:windows_x86_64_msvc@0.52.6:crates.io
rust	wit-bindgen	0.57.1	runtime	false	registry+https://github.com/rust-lang/crates.io-index	1ebf944e87a7c253233ad6766e082e3cd714b5d03812acc24c318f549614536e	cargo:wit-bindgen@0.57.1:crates.io
rust	writeable	0.6.3	runtime	false	registry+https://github.com/rust-lang/crates.io-index	1ffae5123b2d3fc086436f8834ae3ab053a283cfac8fe0a0b8eaae044768a4c4	cargo:writeable@0.6.3:crates.io
rust	yoke	0.8.3	runtime	false	registry+https://github.com/rust-lang/crates.io-index	709fe23a0424b6a435d82152b1bd3fdfb0833487d5fa90d05d42762a9891fef5	cargo:yoke@0.8.3:crates.io
rust	yoke-derive	0.8.2	runtime	false	registry+https://github.com/rust-lang/crates.io-index	de844c262c8848816172cef550288e7dc6c7b7814b4ee56b3e1553f275f1858e	cargo:yoke-derive@0.8.2:crates.io
rust	zerocopy	0.8.54	runtime	false	registry+https://github.com/rust-lang/crates.io-index	b7cbbc0a705a0fd05cc3676525980d2bf5a9bc4adac6d6475209a7887cf59d19	cargo:zerocopy@0.8.54:crates.io
rust	zerocopy-derive	0.8.54	runtime	false	registry+https://github.com/rust-lang/crates.io-index	e2e817b7b52d0c7358d3246da9d69935ebb18116b2b102b4230dac079b4862f5	cargo:zerocopy-derive@0.8.54:crates.io
rust	zerofrom	0.1.8	runtime	false	registry+https://github.com/rust-lang/crates.io-index	0ec05a11813ea801ff6d75110ad09cd0824ddba17dfe17128ea0d5f68e6c5272	cargo:zerofrom@0.1.8:crates.io
rust	zerofrom-derive	0.1.7	runtime	false	registry+https://github.com/rust-lang/crates.io-index	11532158c46691caf0f2593ea8358fed6bbf68a0315e80aae9bd41fbade684a1	cargo:zerofrom-derive@0.1.7:crates.io
rust	zeroize	1.9.0	runtime	false	registry+https://github.com/rust-lang/crates.io-index	e13c156562582aa81c60cb29407084cdb54c4164760106ab78e6c5b0858cf64e	cargo:zeroize@1.9.0:crates.io
rust	zerotrie	0.2.4	runtime	false	registry+https://github.com/rust-lang/crates.io-index	0f9152d31db0792fa83f70fb2f83148effb5c1f5b8c7686c3459e361d9bc20bf	cargo:zerotrie@0.2.4:crates.io
rust	zerovec	0.11.6	runtime	false	registry+https://github.com/rust-lang/crates.io-index	90f911cbc359ab6af17377d242225f4d75119aec87ea711a880987b18cd7b239	cargo:zerovec@0.11.6:crates.io
rust	zerovec-derive	0.11.3	runtime	false	registry+https://github.com/rust-lang/crates.io-index	625dc425cab0dca6dc3c3319506e6593dcb08a9f387ea3b284dbd52a92c40555	cargo:zerovec-derive@0.11.3:crates.io
rust	zmij	1.0.22	runtime	false	registry+https://github.com/rust-lang/crates.io-index	bd2f034a4bebf216c9e4b7083603e024cf930873fd67830cfb083c9fa33129d9	cargo:zmij@1.0.22:crates.io
